libro,termino,frecuencia,tf,df,idf,tf_idf
2 B R 0 2 B,wehling,22,0.022821576763485476,1,1.3862943611198906,0.03163742317908464
2 B R 0 2 B,hitz,21,0.021784232365145227,1,1.3862943611198906,0.030199358489126246
Keep Out,mars,9,0.019027484143763214,1,1.3862943611198906,0.026377693974797074
The Eyes Have It,julia,6,0.01507537688442211,1,1.3862943611198906,0.020898909966631515
Navy Day,army,13,0.014942528735632184,1,1.3862943611198906,0.020714743327078823
Keep Out,conditions,7,0.014799154334038054,1,1.3862943611198906,0.020515984202619943
Keep Out,martians,7,0.014799154334038054,1,1.3862943611198906,0.020515984202619943
Keep Out,dome,7,0.014799154334038054,1,1.3862943611198906,0.020515984202619943
2 B R 0 2 B,painter,14,0.014522821576763486,1,1.3862943611198906,0.0201329056594175
Navy Day,navy,12,0.013793103448275862,1,1.3862943611198906,0.019121301532688144
Keep Out,years,12,0.02536997885835095,2,0.6931471805599453,0.017585129316531382
2 B R 0 2 B,duncan,12,0.012448132780082987,1,1.3862943611198906,0.017256776279500712
2 B R 0 2 B,orderly,11,0.011410788381742738,1,1.3862943611198906,0.01581871158954232
The Eyes Have It,eyes,9,0.022613065326633167,2,0.6931471805599453,0.01567418247497364
Keep Out,gradually,5,0.010570824524312896,1,1.3862943611198906,0.014654274430442819
Navy Day,general,9,0.010344827586206896,1,1.3862943611198906,0.01434097614951611
Navy Day,congress,9,0.010344827586206896,1,1.3862943611198906,0.01434097614951611
The Eyes Have It,heart,4,0.010050251256281407,1,1.3862943611198906,0.013932606644421012
The Eyes Have It,arm,4,0.010050251256281407,1,1.3862943611198906,0.013932606644421012
Keep Out,teachers,4,0.008456659619450317,1,1.3862943611198906,0.011723419544354255
Keep Out,kill,4,0.008456659619450317,1,1.3862943611198906,0.011723419544354255
The Eyes Have It,species,3,0.007537688442211055,1,1.3862943611198906,0.010449454983315757
The Eyes Have It,incredible,3,0.007537688442211055,1,1.3862943611198906,0.010449454983315757
The Eyes Have It,knowledge,3,0.007537688442211055,1,1.3862943611198906,0.010449454983315757
The Eyes Have It,reference,3,0.007537688442211055,1,1.3862943611198906,0.010449454983315757
The Eyes Have It,obviously,3,0.007537688442211055,1,1.3862943611198906,0.010449454983315757
2 B R 0 2 B,triplets,7,0.007261410788381743,1,1.3862943611198906,0.01006645282970875
2 B R 0 2 B,leora,7,0.007261410788381743,1,1.3862943611198906,0.01006645282970875
Navy Day,admiral,6,0.006896551724137931,1,1.3862943611198906,0.009560650766344072
Keep Out,food,3,0.006342494714587738,1,1.3862943611198906,0.008792564658265691
Keep Out,glassite,3,0.006342494714587738,1,1.3862943611198906,0.008792564658265691
Keep Out,changing,3,0.006342494714587738,1,1.3862943611198906,0.008792564658265691
Keep Out,cold,3,0.006342494714587738,1,1.3862943611198906,0.008792564658265691
Keep Out,progeny,3,0.006342494714587738,1,1.3862943611198906,0.008792564658265691
Keep Out,earthmen,3,0.006342494714587738,1,1.3862943611198906,0.008792564658265691
Keep Out,spend,3,0.006342494714587738,1,1.3862943611198906,0.008792564658265691
Keep Out,temperature,3,0.006342494714587738,1,1.3862943611198906,0.008792564658265691
Keep Out,daptine,3,0.006342494714587738,1,1.3862943611198906,0.008792564658265691
Keep Out,live,6,0.012684989429175475,2,0.6931471805599453,0.008792564658265691
2 B R 0 2 B,mural,6,0.006224066390041493,1,1.3862943611198906,0.008628388139750356
2 B R 0 2 B,population,6,0.006224066390041493,1,1.3862943611198906,0.008628388139750356
2 B R 0 2 B,purple,6,0.006224066390041493,1,1.3862943611198906,0.008628388139750356
Navy Day,gentlemen,5,0.005747126436781609,1,1.3862943611198906,0.007967208971953394
Navy Day,forward,5,0.005747126436781609,1,1.3862943611198906,0.007967208971953394
Navy Day,wingrove,5,0.005747126436781609,1,1.3862943611198906,0.007967208971953394
Keep Out,tomorrow,5,0.010570824524312896,2,0.6931471805599453,0.007327137215221409
2 B R 0 2 B,old,10,0.01037344398340249,2,0.6931471805599453,0.007190323449791963
2 B R 0 2 B,thanks,5,0.005186721991701245,1,1.3862943611198906,0.007190323449791963
2 B R 0 2 B,garden,5,0.005186721991701245,1,1.3862943611198906,0.007190323449791963
2 B R 0 2 B,happy,10,0.01037344398340249,2,0.6931471805599453,0.007190323449791963
The Eyes Have It,leaped,2,0.005025125628140704,1,1.3862943611198906,0.006966303322210506
The Eyes Have It,garage,2,0.005025125628140704,1,1.3862943611198906,0.006966303322210506
The Eyes Have It,followed,2,0.005025125628140704,1,1.3862943611198906,0.006966303322210506
The Eyes Have It,bibney,2,0.005025125628140704,1,1.3862943611198906,0.006966303322210506
The Eyes Have It,race,2,0.005025125628140704,1,1.3862943611198906,0.006966303322210506
The Eyes Have It,presently,2,0.005025125628140704,1,1.3862943611198906,0.006966303322210506
The Eyes Have It,stumbled,2,0.005025125628140704,1,1.3862943611198906,0.006966303322210506
The Eyes Have It,usual,2,0.005025125628140704,1,1.3862943611198906,0.006966303322210506
The Eyes Have It,totally,2,0.005025125628140704,1,1.3862943611198906,0.006966303322210506
The Eyes Have It,stride,2,0.005025125628140704,1,1.3862943611198906,0.006966303322210506
The Eyes Have It,passage,4,0.010050251256281407,2,0.6931471805599453,0.006966303322210506
The Eyes Have It,cafe,2,0.005025125628140704,1,1.3862943611198906,0.006966303322210506
The Eyes Have It,described,2,0.005025125628140704,1,1.3862943611198906,0.006966303322210506
The Eyes Have It,anatomy,2,0.005025125628140704,1,1.3862943611198906,0.006966303322210506
The Eyes Have It,starfish,2,0.005025125628140704,1,1.3862943611198906,0.006966303322210506
The Eyes Have It,clearly,2,0.005025125628140704,1,1.3862943611198906,0.006966303322210506
The Eyes Have It,thrown,2,0.005025125628140704,1,1.3862943611198906,0.006966303322210506
The Eyes Have It,brains,2,0.005025125628140704,1,1.3862943611198906,0.006966303322210506
The Eyes Have It,following,2,0.005025125628140704,1,1.3862943611198906,0.006966303322210506
Navy Day,naval,4,0.004597701149425287,1,1.3862943611198906,0.006373767177562715
Keep Out,home,2,0.004228329809725159,1,1.3862943611198906,0.0058617097721771275
Keep Out,pigs,2,0.004228329809725159,1,1.3862943611198906,0.0058617097721771275
Keep Out,increasingly,2,0.004228329809725159,1,1.3862943611198906,0.0058617097721771275
Keep Out,smash,2,0.004228329809725159,1,1.3862943611198906,0.0058617097721771275
Keep Out,experiment,2,0.004228329809725159,1,1.3862943611198906,0.0058617097721771275
Keep Out,domes,2,0.004228329809725159,1,1.3862943611198906,0.0058617097721771275
Keep Out,true,2,0.004228329809725159,1,1.3862943611198906,0.0058617097721771275
Keep Out,impatient,2,0.004228329809725159,1,1.3862943611198906,0.0058617097721771275
Keep Out,maturity,2,0.004228329809725159,1,1.3862943611198906,0.0058617097721771275
Keep Out,built,2,0.004228329809725159,1,1.3862943611198906,0.0058617097721771275
Keep Out,waymoth,2,0.004228329809725159,1,1.3862943611198906,0.0058617097721771275
Keep Out,animal,2,0.004228329809725159,1,1.3862943611198906,0.0058617097721771275
Keep Out,bodies,2,0.004228329809725159,1,1.3862943611198906,0.0058617097721771275
Keep Out,guinea,2,0.004228329809725159,1,1.3862943611198906,0.0058617097721771275
Keep Out,long,4,0.008456659619450317,2,0.6931471805599453,0.0058617097721771275
Keep Out,colonize,2,0.004228329809725159,1,1.3862943611198906,0.0058617097721771275
Keep Out,litter,2,0.004228329809725159,1,1.3862943611198906,0.0058617097721771275
Keep Out,breathe,2,0.004228329809725159,1,1.3862943611198906,0.0058617097721771275
Keep Out,attendants,2,0.004228329809725159,1,1.3862943611198906,0.0058617097721771275
Keep Out,special,2,0.004228329809725159,1,1.3862943611198906,0.0058617097721771275
Keep Out,teacher,2,0.004228329809725159,1,1.3862943611198906,0.0058617097721771275
Keep Out,evening,2,0.004228329809725159,1,1.3862943611198906,0.0058617097721771275
Keep Out,choosing,2,0.004228329809725159,1,1.3862943611198906,0.0058617097721771275
Keep Out,greater,2,0.004228329809725159,1,1.3862943611198906,0.0058617097721771275
Keep Out,wear,2,0.004228329809725159,1,1.3862943611198906,0.0058617097721771275
Keep Out,periods,2,0.004228329809725159,1,1.3862943611198906,0.0058617097721771275
Keep Out,lives,2,0.004228329809725159,1,1.3862943611198906,0.0058617097721771275
Keep Out,space,4,0.008456659619450317,2,0.6931471805599453,0.0058617097721771275
Keep Out,helmet,2,0.004228329809725159,1,1.3862943611198906,0.0058617097721771275
2 B R 0 2 B,termination,4,0.004149377593360996,1,1.3862943611198906,0.005752258759833571
2 B R 0 2 B,catbox,4,0.004149377593360996,1,1.3862943611198906,0.005752258759833571
2 B R 0 2 B,bureau,4,0.004149377593360996,1,1.3862943611198906,0.005752258759833571
2 B R 0 2 B,gas,4,0.004149377593360996,1,1.3862943611198906,0.005752258759833571
2 B R 0 2 B,federal,4,0.004149377593360996,1,1.3862943611198906,0.005752258759833571
2 B R 0 2 B,portrait,4,0.004149377593360996,1,1.3862943611198906,0.005752258759833571
2 B R 0 2 B,looks,4,0.004149377593360996,1,1.3862943611198906,0.005752258759833571
Navy Day,water,7,0.008045977011494253,2,0.6931471805599453,0.005577046280367376
The Eyes Have It,wife,3,0.007537688442211055,2,0.6931471805599453,0.005224727491657879
The Eyes Have It,quite,3,0.007537688442211055,2,0.6931471805599453,0.005224727491657879
The Eyes Have It,beings,3,0.007537688442211055,2,0.6931471805599453,0.005224727491657879
2 B R 0 2 B,good,7,0.007261410788381743,2,0.6931471805599453,0.005033226414854375
Navy Day,attack,3,0.0034482758620689655,1,1.3862943611198906,0.004780325383172036
Navy Day,silence,3,0.0034482758620689655,1,1.3862943611198906,0.004780325383172036
Navy Day,cars,3,0.0034482758620689655,1,1.3862943611198906,0.004780325383172036
Navy Day,trucks,3,0.0034482758620689655,1,1.3862943611198906,0.004780325383172036
Navy Day,carriers,3,0.0034482758620689655,1,1.3862943611198906,0.004780325383172036
Navy Day,land,3,0.0034482758620689655,1,1.3862943611198906,0.004780325383172036
Navy Day,battleships,3,0.0034482758620689655,1,1.3862943611198906,0.004780325383172036
Navy Day,truck,3,0.0034482758620689655,1,1.3862943611198906,0.004780325383172036
Navy Day,wheels,3,0.0034482758620689655,1,1.3862943611198906,0.004780325383172036
Navy Day,speech,3,0.0034482758620689655,1,1.3862943611198906,0.004780325383172036
Navy Day,rows,3,0.0034482758620689655,1,1.3862943611198906,0.004780325383172036
Navy Day,device,3,0.0034482758620689655,1,1.3862943611198906,0.004780325383172036
Navy Day,audience,3,0.0034482758620689655,1,1.3862943611198906,0.004780325383172036
Navy Day,soldiers,3,0.0034482758620689655,1,1.3862943611198906,0.004780325383172036
Navy Day,request,3,0.0034482758620689655,1,1.3862943611198906,0.004780325383172036
Keep Out,inside,3,0.006342494714587738,2,0.6931471805599453,0.004396282329132846
Keep Out,born,3,0.006342494714587738,2,0.6931471805599453,0.004396282329132846
Keep Out,shall,3,0.006342494714587738,2,0.6931471805599453,0.004396282329132846
2 B R 0 2 B,chicago,3,0.0031120331950207467,1,1.3862943611198906,0.004314194069875178
2 B R 0 2 B,hospital,3,0.0031120331950207467,1,1.3862943611198906,0.004314194069875178
2 B R 0 2 B,admire,3,0.0031120331950207467,1,1.3862943611198906,0.004314194069875178
2 B R 0 2 B,hostess,3,0.0031120331950207467,1,1.3862943611198906,0.004314194069875178
2 B R 0 2 B,father,3,0.0031120331950207467,1,1.3862943611198906,0.004314194069875178
2 B R 0 2 B,child,3,0.0031120331950207467,1,1.3862943611198906,0.004314194069875178
2 B R 0 2 B,possible,3,0.0031120331950207467,1,1.3862943611198906,0.004314194069875178
2 B R 0 2 B,number,6,0.006224066390041493,2,0.6931471805599453,0.004314194069875178
2 B R 0 2 B,live,6,0.006224066390041493,2,0.6931471805599453,0.004314194069875178
2 B R 0 2 B,art,3,0.0031120331950207467,1,1.3862943611198906,0.004314194069875178
2 B R 0 2 B,age,3,0.0031120331950207467,1,1.3862943611198906,0.004314194069875178
2 B R 0 2 B,supposed,3,0.0031120331950207467,1,1.3862943611198906,0.004314194069875178
2 B R 0 2 B,volunteers,3,0.0031120331950207467,1,1.3862943611198906,0.004314194069875178
2 B R 0 2 B,hooligan,3,0.0031120331950207467,1,1.3862943611198906,0.004314194069875178
2 B R 0 2 B,woman,3,0.0031120331950207467,1,1.3862943611198906,0.004314194069875178
2 B R 0 2 B,shot,3,0.0031120331950207467,1,1.3862943611198906,0.004314194069875178
2 B R 0 2 B,women,3,0.0031120331950207467,1,1.3862943611198906,0.004314194069875178
2 B R 0 2 B,picture,6,0.006224066390041493,2,0.6931471805599453,0.004314194069875178
2 B R 0 2 B,people,13,0.013485477178423237,3,0.28768207245178085,0.003879530022689991
Keep Out,earth,6,0.012684989429175475,3,0.28768207245178085,0.0036492440480141333
2 B R 0 2 B,telephone,5,0.005186721991701245,2,0.6931471805599453,0.0035951617248959817
2 B R 0 2 B,waiting,5,0.005186721991701245,2,0.6931471805599453,0.0035951617248959817
2 B R 0 2 B,born,5,0.005186721991701245,2,0.6931471805599453,0.0035951617248959817
The Eyes Have It,pages,1,0.002512562814070352,1,1.3862943611198906,0.003483151661105253
The Eyes Have It,hadn't,1,0.002512562814070352,1,1.3862943611198906,0.003483151661105253
The Eyes Have It,noticed,1,0.002512562814070352,1,1.3862943611198906,0.003483151661105253
The Eyes Have It,amplified,1,0.002512562814070352,1,1.3862943611198906,0.003483151661105253
The Eyes Have It,wrote,1,0.002512562814070352,1,1.3862943611198906,0.003483151661105253
The Eyes Have It,customarily,1,0.002512562814070352,1,1.3862943611198906,0.003483151661105253
The Eyes Have It,import,1,0.002512562814070352,1,1.3862943611198906,0.003483151661105253
The Eyes Have It,paperbacked,1,0.002512562814070352,1,1.3862943611198906,0.003483151661105253
The Eyes Have It,bus,1,0.002512562814070352,1,1.3862943611198906,0.003483151661105253
The Eyes Have It,remembering,1,0.002512562814070352,1,1.3862943611198906,0.003483151661105253
The Eyes Have It,tremble,1,0.002512562814070352,1,1.3862943611198906,0.003483151661105253
The Eyes Have It,masquerading,1,0.002512562814070352,1,1.3862943611198906,0.003483151661105253
The Eyes Have It,trail,1,0.002512562814070352,1,1.3862943611198906,0.003483151661105253
The Eyes Have It,chair,2,0.005025125628140704,2,0.6931471805599453,0.003483151661105253
The Eyes Have It,hurried,1,0.002512562814070352,1,1.3862943611198906,0.003483151661105253
The Eyes Have It,moment,1,0.002512562814070352,1,1.3862943611198906,0.003483151661105253
The Eyes Have It,respond,1,0.002512562814070352,1,1.3862943611198906,0.003483151661105253
The Eyes Have It,revelation,1,0.002512562814070352,1,1.3862943611198906,0.003483151661105253
The Eyes Have It,entities,1,0.002512562814070352,1,1.3862943611198906,0.003483151661105253
The Eyes Have It,biology,1,0.002512562814070352,1,1.3862943611198906,0.003483151661105253
The Eyes Have It,handy,1,0.002512562814070352,1,1.3862943611198906,0.003483151661105253
The Eyes Have It,uni,1,0.002512562814070352,1,1.3862943611198906,0.003483151661105253
The Eyes Have It,cellular,1,0.002512562814070352,1,1.3862943611198906,0.003483151661105253
The Eyes Have It,dinner,1,0.002512562814070352,1,1.3862943611198906,0.003483151661105253
The Eyes Have It,celled,1,0.002512562814070352,1,1.3862943611198906,0.003483151661105253
The Eyes Have It,reveals,1,0.002512562814070352,1,1.3862943611198906,0.003483151661105253
The Eyes Have It,form,1,0.002512562814070352,1,1.3862943611198906,0.003483151661105253
The Eyes Have It,deliberately,1,0.002512562814070352,1,1.3862943611198906,0.003483151661105253
The Eyes Have It,invade,1,0.002512562814070352,1,1.3862943611198906,0.003483151661105253
The Eyes Have It,lacking,1,0.002512562814070352,1,1.3862943611198906,0.003483151661105253
The Eyes Have It,doubt,2,0.005025125628140704,2,0.6931471805599453,0.003483151661105253
The Eyes Have It,poor,1,0.002512562814070352,1,1.3862943611198906,0.003483151661105253
The Eyes Have It,primitive,1,0.002512562814070352,1,1.3862943611198906,0.003483151661105253
The Eyes Have It,single,1,0.002512562814070352,1,1.3862943611198906,0.003483151661105253
The Eyes Have It,bob,1,0.002512562814070352,1,1.3862943611198906,0.003483151661105253
The Eyes Have It,utterly,1,0.002512562814070352,1,1.3862943611198906,0.003483151661105253
The Eyes Have It,farther,1,0.002512562814070352,1,1.3862943611198906,0.003483151661105253
The Eyes Have It,upper,1,0.002512562814070352,1,1.3862943611198906,0.003483151661105253
The Eyes Have It,halves,1,0.002512562814070352,1,1.3862943611198906,0.003483151661105253
The Eyes Have It,sort,1,0.002512562814070352,1,1.3862943611198906,0.003483151661105253
The Eyes Have It,inside,2,0.005025125628140704,2,0.6931471805599453,0.003483151661105253
The Eyes Have It,guts,1,0.002512562814070352,1,1.3862943611198906,0.003483151661105253
The Eyes Have It,movies,1,0.002512562814070352,1,1.3862943611198906,0.003483151661105253
The Eyes Have It,reeled,1,0.002512562814070352,1,1.3862943611198906,0.003483151661105253
The Eyes Have It,afraid,1,0.002512562814070352,1,1.3862943611198906,0.003483151661105253
The Eyes Have It,shut,1,0.002512562814070352,1,1.3862943611198906,0.003483151661105253
The Eyes Have It,escape,1,0.002512562814070352,1,1.3862943611198906,0.003483151661105253
The Eyes Have It,crimson,1,0.002512562814070352,1,1.3862943611198906,0.003483151661105253
The Eyes Have It,slammed,1,0.002512562814070352,1,1.3862943611198906,0.003483151661105253
The Eyes Have It,shudder,1,0.002512562814070352,1,1.3862943611198906,0.003483151661105253
The Eyes Have It,he's,1,0.002512562814070352,1,1.3862943611198906,0.003483151661105253
The Eyes Have It,rushed,1,0.002512562814070352,1,1.3862943611198906,0.003483151661105253
The Eyes Have It,nutshell,1,0.002512562814070352,1,1.3862943611198906,0.003483151661105253
The Eyes Have It,apart,1,0.002512562814070352,1,1.3862943611198906,0.003483151661105253
The Eyes Have It,hasten,1,0.002512562814070352,1,1.3862943611198906,0.003483151661105253
The Eyes Have It,discover,1,0.002512562814070352,1,1.3862943611198906,0.003483151661105253
The Eyes Have It,point,2,0.005025125628140704,2,0.6931471805599453,0.003483151661105253
The Eyes Have It,apparently,1,0.002512562814070352,1,1.3862943611198906,0.003483151661105253
The Eyes Have It,pounded,1,0.002512562814070352,1,1.3862943611198906,0.003483151661105253
The Eyes Have It,sign,1,0.002512562814070352,1,1.3862943611198906,0.003483151661105253
The Eyes Have It,surprised,1,0.002512562814070352,1,1.3862943611198906,0.003483151661105253
The Eyes Have It,amazement,1,0.002512562814070352,1,1.3862943611198906,0.003483151661105253
The Eyes Have It,outrageous,1,0.002512562814070352,1,1.3862943611198906,0.003483151661105253
The Eyes Have It,did,2,0.005025125628140704,2,0.6931471805599453,0.003483151661105253
The Eyes Have It,tipped,1,0.002512562814070352,1,1.3862943611198906,0.003483151661105253
The Eyes Have It,roll,1,0.002512562814070352,1,1.3862943611198906,0.003483151661105253
The Eyes Have It,dimes,1,0.002512562814070352,1,1.3862943611198906,0.003483151661105253
The Eyes Have It,roved,1,0.002512562814070352,1,1.3862943611198906,0.003483151661105253
The Eyes Have It,nonhuman,1,0.002512562814070352,1,1.3862943611198906,0.003483151661105253
The Eyes Have It,properties,1,0.002512562814070352,1,1.3862943611198906,0.003483151661105253
The Eyes Have It,indigenous,1,0.002512562814070352,1,1.3862943611198906,0.003483151661105253
The Eyes Have It,comprehended,1,0.002512562814070352,1,1.3862943611198906,0.003483151661105253
The Eyes Have It,odd,1,0.002512562814070352,1,1.3862943611198906,0.003483151661105253
The Eyes Have It,sickened,1,0.002512562814070352,1,1.3862943611198906,0.003483151661105253
The Eyes Have It,relate,1,0.002512562814070352,1,1.3862943611198906,0.003483151661105253
The Eyes Have It,stomach,1,0.002512562814070352,1,1.3862943611198906,0.003483151661105253
The Eyes Have It,fervor,1,0.002512562814070352,1,1.3862943611198906,0.003483151661105253
The Eyes Have It,flushing,1,0.002512562814070352,1,1.3862943611198906,0.003483151661105253
The Eyes Have It,dismantling,1,0.002512562814070352,1,1.3862943611198906,0.003483151661105253
The Eyes Have It,manner,1,0.002512562814070352,1,1.3862943611198906,0.003483151661105253
The Eyes Have It,start,1,0.002512562814070352,1,1.3862943611198906,0.003483151661105253
The Eyes Have It,disposition,1,0.002512562814070352,1,1.3862943611198906,0.003483151661105253
The Eyes Have It,travels,1,0.002512562814070352,1,1.3862943611198906,0.003483151661105253
The Eyes Have It,evident,1,0.002512562814070352,1,1.3862943611198906,0.003483151661105253
The Eyes Have It,organ,1,0.002512562814070352,1,1.3862943611198906,0.003483151661105253
The Eyes Have It,bits,1,0.002512562814070352,1,1.3862943611198906,0.003483151661105253
The Eyes Have It,carefree,1,0.002512562814070352,1,1.3862943611198906,0.003483151661105253
The Eyes Have It,demanded,1,0.002512562814070352,1,1.3862943611198906,0.003483151661105253
The Eyes Have It,qualm,1,0.002512562814070352,1,1.3862943611198906,0.003483151661105253
The Eyes Have It,rascal,1,0.002512562814070352,1,1.3862943611198906,0.003483151661105253
The Eyes Have It,lost,1,0.002512562814070352,1,1.3862943611198906,0.003483151661105253
The Eyes Have It,occasion,1,0.002512562814070352,1,1.3862943611198906,0.003483151661105253
The Eyes Have It,dividing,1,0.002512562814070352,1,1.3862943611198906,0.003483151661105253
The Eyes Have It,viscera,1,0.002512562814070352,1,1.3862943611198906,0.003483151661105253
The Eyes Have It,gasped,1,0.002512562814070352,1,1.3862943611198906,0.003483151661105253
The Eyes Have It,binary,1,0.002512562814070352,1,1.3862943611198906,0.003483151661105253
The Eyes Have It,meaning,1,0.002512562814070352,1,1.3862943611198906,0.003483151661105253
The Eyes Have It,arms,2,0.005025125628140704,2,0.6931471805599453,0.003483151661105253
The Eyes Have It,removed,1,0.002512562814070352,1,1.3862943611198906,0.003483151661105253
The Eyes Have It,dear,1,0.002512562814070352,1,1.3862943611198906,0.003483151661105253
The Eyes Have It,run,1,0.002512562814070352,1,1.3862943611198906,0.003483151661105253
The Eyes Have It,upright,1,0.002512562814070352,1,1.3862943611198906,0.003483151661105253
The Eyes Have It,care,2,0.005025125628140704,2,0.6931471805599453,0.003483151661105253
The Eyes Have It,monopoly,1,0.002512562814070352,1,1.3862943611198906,0.003483151661105253
The Eyes Have It,eyelash,1,0.002512562814070352,1,1.3862943611198906,0.003483151661105253
The Eyes Have It,split,1,0.002512562814070352,1,1.3862943611198906,0.003483151661105253
The Eyes Have It,theater,1,0.002512562814070352,1,1.3862943611198906,0.003483151661105253
The Eyes Have It,movie,1,0.002512562814070352,1,1.3862943611198906,0.003483151661105253
The Eyes Have It,tremor,1,0.002512562814070352,1,1.3862943611198906,0.003483151661105253
The Eyes Have It,shaking,1,0.002512562814070352,1,1.3862943611198906,0.003483151661105253
The Eyes Have It,forming,1,0.002512562814070352,1,1.3862943611198906,0.003483151661105253
The Eyes Have It,chattering,1,0.002512562814070352,1,1.3862943611198906,0.003483151661105253
The Eyes Have It,snatched,1,0.002512562814070352,1,1.3862943611198906,0.003483151661105253
The Eyes Have It,kitchen,1,0.002512562814070352,1,1.3862943611198906,0.003483151661105253
The Eyes Have It,playing,1,0.002512562814070352,1,1.3862943611198906,0.003483151661105253
The Eyes Have It,accursed,1,0.002512562814070352,1,1.3862943611198906,0.003483151661105253
The Eyes Have It,joined,1,0.002512562814070352,1,1.3862943611198906,0.003483151661105253
The Eyes Have It,originally,1,0.002512562814070352,1,1.3862943611198906,0.003483151661105253
The Eyes Have It,road,1,0.002512562814070352,1,1.3862943611198906,0.003483151661105253
The Eyes Have It,meadow,1,0.002512562814070352,1,1.3862943611198906,0.003483151661105253
The Eyes Have It,feverish,1,0.002512562814070352,1,1.3862943611198906,0.003483151661105253
The Eyes Have It,track,1,0.002512562814070352,1,1.3862943611198906,0.003483151661105253
The Eyes Have It,played,1,0.002512562814070352,1,1.3862943611198906,0.003483151661105253
The Eyes Have It,frantic,1,0.002512562814070352,1,1.3862943611198906,0.003483151661105253
The Eyes Have It,stomped,1,0.002512562814070352,1,1.3862943611198906,0.003483151661105253
The Eyes Have It,sighed,1,0.002512562814070352,1,1.3862943611198906,0.003483151661105253
The Eyes Have It,relief,1,0.002512562814070352,1,1.3862943611198906,0.003483151661105253
The Eyes Have It,ended,1,0.002512562814070352,1,1.3862943611198906,0.003483151661105253
The Eyes Have It,fission,1,0.002512562814070352,1,1.3862943611198906,0.003483151661105253
The Eyes Have It,splitting,1,0.002512562814070352,1,1.3862943611198906,0.003483151661105253
The Eyes Have It,half,2,0.005025125628140704,2,0.6931471805599453,0.003483151661105253
The Eyes Have It,blushing,1,0.002512562814070352,1,1.3862943611198906,0.003483151661105253
The Eyes Have It,staring,1,0.002512562814070352,1,1.3862943611198906,0.003483151661105253
The Eyes Have It,trembling,1,0.002512562814070352,1,1.3862943611198906,0.003483151661105253
The Eyes Have It,revealing,1,0.002512562814070352,1,1.3862943611198906,0.003483151661105253
The Eyes Have It,remove,1,0.002512562814070352,1,1.3862943611198906,0.003483151661105253
The Eyes Have It,immediately,1,0.002512562814070352,1,1.3862943611198906,0.003483151661105253
The Eyes Have It,indignant,1,0.002512562814070352,1,1.3862943611198906,0.003483151661105253
The Eyes Have It,scott,1,0.002512562814070352,1,1.3862943611198906,0.003483151661105253
The Eyes Have It,breeding,1,0.002512562814070352,1,1.3862943611198906,0.003483151661105253
The Eyes Have It,feel,1,0.002512562814070352,1,1.3862943611198906,0.003483151661105253
The Eyes Have It,lady,1,0.002512562814070352,1,1.3862943611198906,0.003483151661105253
The Eyes Have It,continues,1,0.002512562814070352,1,1.3862943611198906,0.003483151661105253
The Eyes Have It,weren't,1,0.002512562814070352,1,1.3862943611198906,0.003483151661105253
The Eyes Have It,horror,1,0.002512562814070352,1,1.3862943611198906,0.003483151661105253
The Eyes Have It,angrily,1,0.002512562814070352,1,1.3862943611198906,0.003483151661105253
The Eyes Have It,faintest,1,0.002512562814070352,1,1.3862943611198906,0.003483151661105253
The Eyes Have It,portions,1,0.002512562814070352,1,1.3862943611198906,0.003483151661105253
The Eyes Have It,removing,1,0.002512562814070352,1,1.3862943611198906,0.003483151661105253
The Eyes Have It,capable,1,0.002512562814070352,1,1.3862943611198906,0.003483151661105253
The Eyes Have It,coolly,1,0.002512562814070352,1,1.3862943611198906,0.003483151661105253
The Eyes Have It,knitting,1,0.002512562814070352,1,1.3862943611198906,0.003483151661105253
The Eyes Have It,brows,1,0.002512562814070352,1,1.3862943611198906,0.003483151661105253
The Eyes Have It,vague,1,0.002512562814070352,1,1.3862943611198906,0.003483151661105253
The Eyes Have It,mind,2,0.005025125628140704,2,0.6931471805599453,0.003483151661105253
The Eyes Have It,easily,1,0.002512562814070352,1,1.3862943611198906,0.003483151661105253
The Eyes Have It,evidently,1,0.002512562814070352,1,1.3862943611198906,0.003483151661105253
The Eyes Have It,non,2,0.005025125628140704,2,0.6931471805599453,0.003483151661105253
The Eyes Have It,conceal,1,0.002512562814070352,1,1.3862943611198906,0.003483151661105253
The Eyes Have It,characters,1,0.002512562814070352,1,1.3862943611198906,0.003483151661105253
The Eyes Have It,natural,1,0.002512562814070352,1,1.3862943611198906,0.003483151661105253
The Eyes Have It,suggested,1,0.002512562814070352,1,1.3862943611198906,0.003483151661105253
The Eyes Have It,belonged,1,0.002512562814070352,1,1.3862943611198906,0.003483151661105253
The Eyes Have It,choked,1,0.002512562814070352,1,1.3862943611198906,0.003483151661105253
The Eyes Have It,windpipe,1,0.002512562814070352,1,1.3862943611198906,0.003483151661105253
The Eyes Have It,burned,1,0.002512562814070352,1,1.3862943611198906,0.003483151661105253
The Eyes Have It,creatures,1,0.002512562814070352,1,1.3862943611198906,0.003483151661105253
The Eyes Have It,batting,1,0.002512562814070352,1,1.3862943611198906,0.003483151661105253
The Eyes Have It,obvious,1,0.002512562814070352,1,1.3862943611198906,0.003483151661105253
The Eyes Have It,lay,1,0.002512562814070352,1,1.3862943611198906,0.003483151661105253
The Eyes Have It,unfamiliar,1,0.002512562814070352,1,1.3862943611198906,0.003483151661105253
The Eyes Have It,mention,1,0.002512562814070352,1,1.3862943611198906,0.003483151661105253
The Eyes Have It,gasping,1,0.002512562814070352,1,1.3862943611198906,0.003483151661105253
The Eyes Have It,examined,1,0.002512562814070352,1,1.3862943611198906,0.003483151661105253
The Eyes Have It,family,1,0.002512562814070352,1,1.3862943611198906,0.003483151661105253
The Eyes Have It,regarded,1,0.002512562814070352,1,1.3862943611198906,0.003483151661105253
The Eyes Have It,wonder,1,0.002512562814070352,1,1.3862943611198906,0.003483151661105253
The Eyes Have It,lifeforms,1,0.002512562814070352,1,1.3862943611198906,0.003483151661105253
The Eyes Have It,observations,1,0.002512562814070352,1,1.3862943611198906,0.003483151661105253
The Eyes Have It,invasion,1,0.002512562814070352,1,1.3862943611198906,0.003483151661105253
The Eyes Have It,accident,1,0.002512562814070352,1,1.3862943611198906,0.003483151661105253
The Eyes Have It,houses,1,0.002512562814070352,1,1.3862943611198906,0.003483151661105253
The Eyes Have It,inch,1,0.002512562814070352,1,1.3862943611198906,0.003483151661105253
The Eyes Have It,accidental,1,0.002512562814070352,1,1.3862943611198906,0.003483151661105253
The Eyes Have It,haven't,1,0.002512562814070352,1,1.3862943611198906,0.003483151661105253
The Eyes Have It,repair,1,0.002512562814070352,1,1.3862943611198906,0.003483151661105253
The Eyes Have It,maintenance,1,0.002512562814070352,1,1.3862943611198906,0.003483151661105253
The Eyes Have It,rapidly,1,0.002512562814070352,1,1.3862943611198906,0.003483151661105253
The Eyes Have It,pamphlet,1,0.002512562814070352,1,1.3862943611198906,0.003483151661105253
The Eyes Have It,disguise,1,0.002512562814070352,1,1.3862943611198906,0.003483151661105253
The Eyes Have It,sent,1,0.002512562814070352,1,1.3862943611198906,0.003483151661105253
The Eyes Have It,ordinary,2,0.005025125628140704,2,0.6931471805599453,0.003483151661105253
The Eyes Have It,chills,1,0.002512562814070352,1,1.3862943611198906,0.003483151661105253
The Eyes Have It,assailed,1,0.002512562814070352,1,1.3862943611198906,0.003483151661105253
The Eyes Have It,absolutely,2,0.005025125628140704,2,0.6931471805599453,0.003483151661105253
The Eyes Have It,attempt,1,0.002512562814070352,1,1.3862943611198906,0.003483151661105253
The Eyes Have It,terrestrials,1,0.002512562814070352,1,1.3862943611198906,0.003483151661105253
The Eyes Have It,narrative,1,0.002512562814070352,1,1.3862943611198906,0.003483151661105253
The Eyes Have It,fastened,1,0.002512562814070352,1,1.3862943611198906,0.003483151661105253
The Eyes Have It,suspicion,1,0.002512562814070352,1,1.3862943611198906,0.003483151661105253
The Eyes Have It,idly,1,0.002512562814070352,1,1.3862943611198906,0.003483151661105253
Navy Day,marble,2,0.0022988505747126436,1,1.3862943611198906,0.0031868835887813576
Navy Day,shallow,2,0.0022988505747126436,1,1.3862943611198906,0.0031868835887813576
Navy Day,solid,2,0.0022988505747126436,1,1.3862943611198906,0.0031868835887813576
Navy Day,citizens,2,0.0022988505747126436,1,1.3862943611198906,0.0031868835887813576
Navy Day,pressed,2,0.0022988505747126436,1,1.3862943611198906,0.0031868835887813576
Navy Day,television,2,0.0022988505747126436,1,1.3862943611198906,0.0031868835887813576
Navy Day,giant,2,0.0022988505747126436,1,1.3862943611198906,0.0031868835887813576
Navy Day,box,2,0.0022988505747126436,1,1.3862943611198906,0.0031868835887813576
Navy Day,facts,2,0.0022988505747126436,1,1.3862943611198906,0.0031868835887813576
Navy Day,set,2,0.0022988505747126436,1,1.3862943611198906,0.0031868835887813576
Navy Day,morning,4,0.004597701149425287,2,0.6931471805599453,0.0031868835887813576
Navy Day,admiral's,2,0.0022988505747126436,1,1.3862943611198906,0.0031868835887813576
Navy Day,hall,2,0.0022988505747126436,1,1.3862943611198906,0.0031868835887813576
Navy Day,edge,2,0.0022988505747126436,1,1.3862943611198906,0.0031868835887813576
Navy Day,potomac,2,0.0022988505747126436,1,1.3862943611198906,0.0031868835887813576
Navy Day,vehicles,2,0.0022988505747126436,1,1.3862943611198906,0.0031868835887813576
Navy Day,sail,2,0.0022988505747126436,1,1.3862943611198906,0.0031868835887813576
Navy Day,crowd,2,0.0022988505747126436,1,1.3862943611198906,0.0031868835887813576
Navy Day,jeeps,2,0.0022988505747126436,1,1.3862943611198906,0.0031868835887813576
Navy Day,section,2,0.0022988505747126436,1,1.3862943611198906,0.0031868835887813576
Navy Day,general's,2,0.0022988505747126436,1,1.3862943611198906,0.0031868835887813576
Navy Day,ground,2,0.0022988505747126436,1,1.3862943611198906,0.0031868835887813576
Navy Day,remarkable,2,0.0022988505747126436,1,1.3862943611198906,0.0031868835887813576
Navy Day,commander,2,0.0022988505747126436,1,1.3862943611198906,0.0031868835887813576
Navy Day,invention,2,0.0022988505747126436,1,1.3862943611198906,0.0031868835887813576
Navy Day,waved,2,0.0022988505747126436,1,1.3862943611198906,0.0031868835887813576
Navy Day,gear,2,0.0022988505747126436,1,1.3862943611198906,0.0031868835887813576
Navy Day,motor,2,0.0022988505747126436,1,1.3862943611198906,0.0031868835887813576
Navy Day,laboratories,2,0.0022988505747126436,1,1.3862943611198906,0.0031868835887813576
Navy Day,high,2,0.0022988505747126436,1,1.3862943611198906,0.0031868835887813576
Navy Day,sea,4,0.004597701149425287,2,0.6931471805599453,0.0031868835887813576
Navy Day,world,4,0.004597701149425287,2,0.6931471805599453,0.0031868835887813576
Navy Day,dorn,2,0.0022988505747126436,1,1.3862943611198906,0.0031868835887813576
Navy Day,vote,2,0.0022988505747126436,1,1.3862943611198906,0.0031868835887813576
Navy Day,dollar,2,0.0022988505747126436,1,1.3862943611198906,0.0031868835887813576
Navy Day,boats,2,0.0022988505747126436,1,1.3862943611198906,0.0031868835887813576
Navy Day,passed,2,0.0022988505747126436,1,1.3862943611198906,0.0031868835887813576
Navy Day,unhappy,2,0.0022988505747126436,1,1.3862943611198906,0.0031868835887813576
Navy Day,department,2,0.0022988505747126436,1,1.3862943611198906,0.0031868835887813576
Navy Day,pentagon,2,0.0022988505747126436,1,1.3862943611198906,0.0031868835887813576
Navy Day,news,2,0.0022988505747126436,1,1.3862943611198906,0.0031868835887813576
Navy Day,operation,2,0.0022988505747126436,1,1.3862943611198906,0.0031868835887813576
Navy Day,coast,2,0.0022988505747126436,1,1.3862943611198906,0.0031868835887813576
Navy Day,decision,2,0.0022988505747126436,1,1.3862943611198906,0.0031868835887813576
Navy Day,mail,2,0.0022988505747126436,1,1.3862943611198906,0.0031868835887813576
Navy Day,avail,2,0.0022988505747126436,1,1.3862943611198906,0.0031868835887813576
Navy Day,ignore,2,0.0022988505747126436,1,1.3862943611198906,0.0031868835887813576
Navy Day,slightly,2,0.0022988505747126436,1,1.3862943611198906,0.0031868835887813576
Navy Day,letters,2,0.0022988505747126436,1,1.3862943611198906,0.0031868835887813576
Navy Day,attacking,2,0.0022988505747126436,1,1.3862943611198906,0.0031868835887813576
Navy Day,fitzjames,2,0.0022988505747126436,1,1.3862943611198906,0.0031868835887813576
Keep Out,children,5,0.010570824524312896,3,0.28768207245178085,0.0030410367066784445
Keep Out,fourth,1,0.0021141649048625794,1,1.3862943611198906,0.0029308548860885637
Keep Out,ordinary,2,0.004228329809725159,2,0.6931471805599453,0.0029308548860885637
Keep Out,different,1,0.0021141649048625794,1,1.3862943611198906,0.0029308548860885637
Keep Out,member,1,0.0021141649048625794,1,1.3862943611198906,0.0029308548860885637
Keep Out,stand,1,0.0021141649048625794,1,1.3862943611198906,0.0029308548860885637
Keep Out,grow,1,0.0021141649048625794,1,1.3862943611198906,0.0029308548860885637
Keep Out,fur,1,0.0021141649048625794,1,1.3862943611198906,0.0029308548860885637
Keep Out,growing,1,0.0021141649048625794,1,1.3862943611198906,0.0029308548860885637
Keep Out,fahrenheit,1,0.0021141649048625794,1,1.3862943611198906,0.0029308548860885637
Keep Out,obtained,1,0.0021141649048625794,1,1.3862943611198906,0.0029308548860885637
Keep Out,changes,1,0.0021141649048625794,1,1.3862943611198906,0.0029308548860885637
Keep Out,contented,1,0.0021141649048625794,1,1.3862943611198906,0.0029308548860885637
Keep Out,attained,1,0.0021141649048625794,1,1.3862943611198906,0.0029308548860885637
Keep Out,results,1,0.0021141649048625794,1,1.3862943611198906,0.0029308548860885637
Keep Out,planets,1,0.0021141649048625794,1,1.3862943611198906,0.0029308548860885637
Keep Out,explained,1,0.0021141649048625794,1,1.3862943611198906,0.0029308548860885637
Keep Out,old,2,0.004228329809725159,2,0.6931471805599453,0.0029308548860885637
Keep Out,comfortably,1,0.0021141649048625794,1,1.3862943611198906,0.0029308548860885637
Keep Out,chemically,1,0.0021141649048625794,1,1.3862943611198906,0.0029308548860885637
Keep Out,whys,1,0.0021141649048625794,1,1.3862943611198906,0.0029308548860885637
Keep Out,birth,2,0.004228329809725159,2,0.6931471805599453,0.0029308548860885637
Keep Out,ray,1,0.0021141649048625794,1,1.3862943611198906,0.0029308548860885637
Keep Out,bombardment,1,0.0021141649048625794,1,1.3862943611198906,0.0029308548860885637
Keep Out,parents,2,0.004228329809725159,2,0.6931471805599453,0.0029308548860885637
Keep Out,they'd,1,0.0021141649048625794,1,1.3862943611198906,0.0029308548860885637
Keep Out,flying,1,0.0021141649048625794,1,1.3862943611198906,0.0029308548860885637
Keep Out,adaptability,1,0.0021141649048625794,1,1.3862943611198906,0.0029308548860885637
Keep Out,limitless,1,0.0021141649048625794,1,1.3862943611198906,0.0029308548860885637
Keep Out,inoculation,1,0.0021141649048625794,1,1.3862943611198906,0.0029308548860885637
Keep Out,period,1,0.0021141649048625794,1,1.3862943611198906,0.0029308548860885637
Keep Out,adapted,1,0.0021141649048625794,1,1.3862943611198906,0.0029308548860885637
Keep Out,limited,1,0.0021141649048625794,1,1.3862943611198906,0.0029308548860885637
Keep Out,animals,1,0.0021141649048625794,1,1.3862943611198906,0.0029308548860885637
Keep Out,borne,1,0.0021141649048625794,1,1.3862943611198906,0.0029308548860885637
Keep Out,miracle,1,0.0021141649048625794,1,1.3862943611198906,0.0029308548860885637
Keep Out,lecture,1,0.0021141649048625794,1,1.3862943611198906,0.0029308548860885637
Keep Out,placing,1,0.0021141649048625794,1,1.3862943611198906,0.0029308548860885637
Keep Out,minutes,1,0.0021141649048625794,1,1.3862943611198906,0.0029308548860885637
Keep Out,conceived,1,0.0021141649048625794,1,1.3862943611198906,0.0029308548860885637
Keep Out,pair,1,0.0021141649048625794,1,1.3862943611198906,0.0029308548860885637
Keep Out,mated,1,0.0021141649048625794,1,1.3862943611198906,0.0029308548860885637
Keep Out,inoculated,1,0.0021141649048625794,1,1.3862943611198906,0.0029308548860885637
Keep Out,suit,1,0.0021141649048625794,1,1.3862943611198906,0.0029308548860885637
Keep Out,comfortable,2,0.004228329809725159,2,0.6931471805599453,0.0029308548860885637
Keep Out,suits,1,0.0021141649048625794,1,1.3862943611198906,0.0029308548860885637
Keep Out,outside,2,0.004228329809725159,2,0.6931471805599453,0.0029308548860885637
Keep Out,survive,2,0.004228329809725159,2,0.6931471805599453,0.0029308548860885637
Keep Out,warmer,1,0.0021141649048625794,1,1.3862943611198906,0.0029308548860885637
Keep Out,wearing,1,0.0021141649048625794,1,1.3862943611198906,0.0029308548860885637
Keep Out,uninhabited,1,0.0021141649048625794,1,1.3862943611198906,0.0029308548860885637
Keep Out,sunlight,1,0.0021141649048625794,1,1.3862943611198906,0.0029308548860885637
Keep Out,intelligent,1,0.0021141649048625794,1,1.3862943611198906,0.0029308548860885637
Keep Out,varieties,1,0.0021141649048625794,1,1.3862943611198906,0.0029308548860885637
Keep Out,exposure,1,0.0021141649048625794,1,1.3862943611198906,0.0029308548860885637
Keep Out,enable,1,0.0021141649048625794,1,1.3862943611198906,0.0029308548860885637
Keep Out,drug,1,0.0021141649048625794,1,1.3862943611198906,0.0029308548860885637
Keep Out,provided,1,0.0021141649048625794,1,1.3862943611198906,0.0029308548860885637
Keep Out,filtered,1,0.0021141649048625794,1,1.3862943611198906,0.0029308548860885637
Keep Out,increasing,1,0.0021141649048625794,1,1.3862943611198906,0.0029308548860885637
Keep Out,compensated,1,0.0021141649048625794,1,1.3862943611198906,0.0029308548860885637
Keep Out,completely,1,0.0021141649048625794,1,1.3862943611198906,0.0029308548860885637
Keep Out,reduced,1,0.0021141649048625794,1,1.3862943611198906,0.0029308548860885637
Keep Out,oxygen,1,0.0021141649048625794,1,1.3862943611198906,0.0029308548860885637
Keep Out,thinned,1,0.0021141649048625794,1,1.3862943611198906,0.0029308548860885637
Keep Out,difference,1,0.0021141649048625794,1,1.3862943611198906,0.0029308548860885637
Keep Out,breathing,1,0.0021141649048625794,1,1.3862943611198906,0.0029308548860885637
Keep Out,brought,1,0.0021141649048625794,1,1.3862943611198906,0.0029308548860885637
Keep Out,selected,1,0.0021141649048625794,1,1.3862943611198906,0.0029308548860885637
Keep Out,disgusting,1,0.0021141649048625794,1,1.3862943611198906,0.0029308548860885637
Keep Out,amplification,1,0.0021141649048625794,1,1.3862943611198906,0.0029308548860885637
Keep Out,voices,1,0.0021141649048625794,1,1.3862943611198906,0.0029308548860885637
Keep Out,carry,1,0.0021141649048625794,1,1.3862943611198906,0.0029308548860885637
Keep Out,weak,1,0.0021141649048625794,1,1.3862943611198906,0.0029308548860885637
Keep Out,sibilant,1,0.0021141649048625794,1,1.3862943611198906,0.0029308548860885637
Keep Out,there'd,1,0.0021141649048625794,1,1.3862943611198906,0.0029308548860885637
Keep Out,lot,2,0.004228329809725159,2,0.6931471805599453,0.0029308548860885637
Keep Out,attend,1,0.0021141649048625794,1,1.3862943611198906,0.0029308548860885637
Keep Out,landed,1,0.0021141649048625794,1,1.3862943611198906,0.0029308548860885637
Keep Out,wherefores,1,0.0021141649048625794,1,1.3862943611198906,0.0029308548860885637
Keep Out,stood,1,0.0021141649048625794,1,1.3862943611198906,0.0029308548860885637
Keep Out,quickly,1,0.0021141649048625794,1,1.3862943611198906,0.0029308548860885637
Keep Out,chests,1,0.0021141649048625794,1,1.3862943611198906,0.0029308548860885637
Keep Out,misshapen,1,0.0021141649048625794,1,1.3862943611198906,0.0029308548860885637
Keep Out,narrow,1,0.0021141649048625794,1,1.3862943611198906,0.0029308548860885637
Keep Out,larger,1,0.0021141649048625794,1,1.3862943611198906,0.0029308548860885637
Keep Out,fully,1,0.0021141649048625794,1,1.3862943611198906,0.0029308548860885637
Keep Out,mature,1,0.0021141649048625794,1,1.3862943611198906,0.0029308548860885637
Keep Out,conditioned,1,0.0021141649048625794,1,1.3862943611198906,0.0029308548860885637
Keep Out,hideous,1,0.0021141649048625794,1,1.3862943611198906,0.0029308548860885637
Keep Out,ugly,1,0.0021141649048625794,1,1.3862943611198906,0.0029308548860885637
Keep Out,decreased,1,0.0021141649048625794,1,1.3862943611198906,0.0029308548860885637
Keep Out,open,1,0.0021141649048625794,1,1.3862943611198906,0.0029308548860885637
Keep Out,parts,1,0.0021141649048625794,1,1.3862943611198906,0.0029308548860885637
Keep Out,pressurized,1,0.0021141649048625794,1,1.3862943611198906,0.0029308548860885637
Keep Out,acclimated,1,0.0021141649048625794,1,1.3862943611198906,0.0029308548860885637
Keep Out,best,1,0.0021141649048625794,1,1.3862943611198906,0.0029308548860885637
Keep Out,controlled,1,0.0021141649048625794,1,1.3862943611198906,0.0029308548860885637
Keep Out,carefully,2,0.004228329809725159,2,0.6931471805599453,0.0029308548860885637
Keep Out,begin,1,0.0021141649048625794,1,1.3862943611198906,0.0029308548860885637
Keep Out,sexes,1,0.0021141649048625794,1,1.3862943611198906,0.0029308548860885637
Keep Out,segregation,1,0.0021141649048625794,1,1.3862943611198906,0.0029308548860885637
Keep Out,relaxed,1,0.0021141649048625794,1,1.3862943611198906,0.0029308548860885637
Keep Out,breathed,1,0.0021141649048625794,1,1.3862943611198906,0.0029308548860885637
Keep Out,counsel,1,0.0021141649048625794,1,1.3862943611198906,0.0029308548860885637
Keep Out,capacity,1,0.0021141649048625794,1,1.3862943611198906,0.0029308548860885637
Keep Out,lungs,1,0.0021141649048625794,1,1.3862943611198906,0.0029308548860885637
Keep Out,diet,1,0.0021141649048625794,1,1.3862943611198906,0.0029308548860885637
Keep Out,deadly,1,0.0021141649048625794,1,1.3862943611198906,0.0029308548860885637
Keep Out,poison,1,0.0021141649048625794,1,1.3862943611198906,0.0029308548860885637
Keep Out,bred,1,0.0021141649048625794,1,1.3862943611198906,0.0029308548860885637
Keep Out,gravitational,1,0.0021141649048625794,1,1.3862943611198906,0.0029308548860885637
Keep Out,pull,1,0.0021141649048625794,1,1.3862943611198906,0.0029308548860885637
Keep Out,gravity,1,0.0021141649048625794,1,1.3862943611198906,0.0029308548860885637
Keep Out,mates,1,0.0021141649048625794,1,1.3862943611198906,0.0029308548860885637
Keep Out,marriage,1,0.0021141649048625794,1,1.3862943611198906,0.0029308548860885637
Keep Out,populate,1,0.0021141649048625794,1,1.3862943611198906,0.0029308548860885637
Keep Out,prevailed,1,0.0021141649048625794,1,1.3862943611198906,0.0029308548860885637
Keep Out,protection,1,0.0021141649048625794,1,1.3862943611198906,0.0029308548860885637
Keep Out,normal,2,0.004228329809725159,2,0.6931471805599453,0.0029308548860885637
Keep Out,subsequent,1,0.0021141649048625794,1,1.3862943611198906,0.0029308548860885637
Keep Out,experiments,1,0.0021141649048625794,1,1.3862943611198906,0.0029308548860885637
Keep Out,thriving,1,0.0021141649048625794,1,1.3862943611198906,0.0029308548860885637
Keep Out,spent,1,0.0021141649048625794,1,1.3862943611198906,0.0029308548860885637
Keep Out,pleasant,1,0.0021141649048625794,1,1.3862943611198906,0.0029308548860885637
Keep Out,temperatures,1,0.0021141649048625794,1,1.3862943611198906,0.0029308548860885637
Keep Out,median,1,0.0021141649048625794,1,1.3862943611198906,0.0029308548860885637
Keep Out,hate,1,0.0021141649048625794,1,1.3862943611198906,0.0029308548860885637
Keep Out,endure,1,0.0021141649048625794,1,1.3862943611198906,0.0029308548860885637
Keep Out,extremes,1,0.0021141649048625794,1,1.3862943611198906,0.0029308548860885637
Keep Out,suspect,1,0.0021141649048625794,1,1.3862943611198906,0.0029308548860885637
Keep Out,difficult,1,0.0021141649048625794,1,1.3862943611198906,0.0029308548860885637
Keep Out,clearance,1,0.0021141649048625794,1,1.3862943611198906,0.0029308548860885637
Keep Out,adaptine,1,0.0021141649048625794,1,1.3862943611198906,0.0029308548860885637
Keep Out,weeks,1,0.0021141649048625794,1,1.3862943611198906,0.0029308548860885637
Keep Out,felt,2,0.004228329809725159,2,0.6931471805599453,0.0029308548860885637
Keep Out,freedom,1,0.0021141649048625794,1,1.3862943611198906,0.0029308548860885637
Keep Out,dissimulated,1,0.0021141649048625794,1,1.3862943611198906,0.0029308548860885637
Keep Out,wiser,1,0.0021141649048625794,1,1.3862943611198906,0.0029308548860885637
Keep Out,hills,1,0.0021141649048625794,1,1.3862943611198906,0.0029308548860885637
Keep Out,hide,1,0.0021141649048625794,1,1.3862943611198906,0.0029308548860885637
Keep Out,chested,1,0.0021141649048625794,1,1.3862943611198906,0.0029308548860885637
Keep Out,tiny,1,0.0021141649048625794,1,1.3862943611198906,0.0029308548860885637
Keep Out,aliens,1,0.0021141649048625794,1,1.3862943611198906,0.0029308548860885637
Keep Out,heated,1,0.0021141649048625794,1,1.3862943611198906,0.0029308548860885637
Keep Out,lived,1,0.0021141649048625794,1,1.3862943611198906,0.0029308548860885637
Keep Out,secret,1,0.0021141649048625794,1,1.3862943611198906,0.0029308548860885637
Keep Out,hairless,1,0.0021141649048625794,1,1.3862943611198906,0.0029308548860885637
Keep Out,skins,1,0.0021141649048625794,1,1.3862943611198906,0.0029308548860885637
Keep Out,punish,1,0.0021141649048625794,1,1.3862943611198906,0.0029308548860885637
Keep Out,martian,1,0.0021141649048625794,1,1.3862943611198906,0.0029308548860885637
Keep Out,try,1,0.0021141649048625794,1,1.3862943611198906,0.0029308548860885637
Keep Out,build,1,0.0021141649048625794,1,1.3862943611198906,0.0029308548860885637
Keep Out,we'll,1,0.0021141649048625794,1,1.3862943611198906,0.0029308548860885637
Keep Out,pasty,1,0.0021141649048625794,1,1.3862943611198906,0.0029308548860885637
Keep Out,seasons,1,0.0021141649048625794,1,1.3862943611198906,0.0029308548860885637
Keep Out,adapt,1,0.0021141649048625794,1,1.3862943611198906,0.0029308548860885637
Keep Out,shortened,1,0.0021141649048625794,1,1.3862943611198906,0.0029308548860885637
Keep Out,homes,1,0.0021141649048625794,1,1.3862943611198906,0.0029308548860885637
Keep Out,standards,1,0.0021141649048625794,1,1.3862943611198906,0.0029308548860885637
Keep Out,uninhabitable,1,0.0021141649048625794,1,1.3862943611198906,0.0029308548860885637
Keep Out,insects,1,0.0021141649048625794,1,1.3862943611198906,0.0029308548860885637
Keep Out,adults,1,0.0021141649048625794,1,1.3862943611198906,0.0029308548860885637
Keep Out,they'll,1,0.0021141649048625794,1,1.3862943611198906,0.0029308548860885637
Keep Out,outdoors,1,0.0021141649048625794,1,1.3862943611198906,0.0029308548860885637
Keep Out,freezing,1,0.0021141649048625794,1,1.3862943611198906,0.0029308548860885637
Keep Out,breed,1,0.0021141649048625794,1,1.3862943611198906,0.0029308548860885637
Keep Out,forth,2,0.004228329809725159,2,0.6931471805599453,0.0029308548860885637
Keep Out,allowed,2,0.004228329809725159,2,0.6931471805599453,0.0029308548860885637
Keep Out,plants,2,0.004228329809725159,2,0.6931471805599453,0.0029308548860885637
Keep Out,atmosphere,1,0.0021141649048625794,1,1.3862943611198906,0.0029308548860885637
Keep Out,harmful,1,0.0021141649048625794,1,1.3862943611198906,0.0029308548860885637
Keep Out,efforts,1,0.0021141649048625794,1,1.3862943611198906,0.0029308548860885637
Keep Out,hydroponic,1,0.0021141649048625794,1,1.3862943611198906,0.0029308548860885637
Keep Out,outpost,1,0.0021141649048625794,1,1.3862943611198906,0.0029308548860885637
Keep Out,showed,1,0.0021141649048625794,1,1.3862943611198906,0.0029308548860885637
Keep Out,smaller,1,0.0021141649048625794,1,1.3862943611198906,0.0029308548860885637
Keep Out,mile,1,0.0021141649048625794,1,1.3862943611198906,0.0029308548860885637
Keep Out,mankind,1,0.0021141649048625794,1,1.3862943611198906,0.0029308548860885637
Keep Out,inhospitable,1,0.0021141649048625794,1,1.3862943611198906,0.0029308548860885637
Keep Out,solar,1,0.0021141649048625794,1,1.3862943611198906,0.0029308548860885637
Keep Out,reached,1,0.0021141649048625794,1,1.3862943611198906,0.0029308548860885637
Keep Out,biochemist,1,0.0021141649048625794,1,1.3862943611198906,0.0029308548860885637
Keep Out,worked,1,0.0021141649048625794,1,1.3862943611198906,0.0029308548860885637
Keep Out,failed,1,0.0021141649048625794,1,1.3862943611198906,0.0029308548860885637
Keep Out,intermarry,1,0.0021141649048625794,1,1.3862943611198906,0.0029308548860885637
Keep Out,litters,1,0.0021141649048625794,1,1.3862943611198906,0.0029308548860885637
2 B R 0 2 B,fit,2,0.002074688796680498,1,1.3862943611198906,0.0028761293799167854
2 B R 0 2 B,years,4,0.004149377593360996,2,0.6931471805599453,0.0028761293799167854
2 B R 0 2 B,sir,2,0.002074688796680498,1,1.3862943611198906,0.0028761293799167854
2 B R 0 2 B,dropcloths,2,0.002074688796680498,1,1.3862943611198906,0.0028761293799167854
2 B R 0 2 B,stepladder,2,0.002074688796680498,1,1.3862943611198906,0.0028761293799167854
2 B R 0 2 B,sat,2,0.002074688796680498,1,1.3862943611198906,0.0028761293799167854
2 B R 0 2 B,clean,2,0.002074688796680498,1,1.3862943611198906,0.0028761293799167854
2 B R 0 2 B,billion,4,0.004149377593360996,2,0.6931471805599453,0.0028761293799167854
2 B R 0 2 B,wall,2,0.002074688796680498,1,1.3862943611198906,0.0028761293799167854
2 B R 0 2 B,better,2,0.002074688796680498,1,1.3862943611198906,0.0028761293799167854
2 B R 0 2 B,redecorated,2,0.002074688796680498,1,1.3862943611198906,0.0028761293799167854
2 B R 0 2 B,blackberry,2,0.002074688796680498,1,1.3862943611198906,0.0028761293799167854
2 B R 0 2 B,doesn't,2,0.002074688796680498,1,1.3862943611198906,0.0028761293799167854
2 B R 0 2 B,dead,2,0.002074688796680498,1,1.3862943611198906,0.0028761293799167854
2 B R 0 2 B,gestured,2,0.002074688796680498,1,1.3862943611198906,0.0028761293799167854
2 B R 0 2 B,municipal,2,0.002074688796680498,1,1.3862943611198906,0.0028761293799167854
2 B R 0 2 B,drupelet,2,0.002074688796680498,1,1.3862943611198906,0.0028761293799167854
2 B R 0 2 B,trash,2,0.002074688796680498,1,1.3862943611198906,0.0028761293799167854
2 B R 0 2 B,sawing,2,0.002074688796680498,1,1.3862943611198906,0.0028761293799167854
2 B R 0 2 B,forever,2,0.002074688796680498,1,1.3862943611198906,0.0028761293799167854
2 B R 0 2 B,decide,2,0.002074688796680498,1,1.3862943611198906,0.0028761293799167854
2 B R 0 2 B,centuries,2,0.002074688796680498,1,1.3862943611198906,0.0028761293799167854
2 B R 0 2 B,fell,2,0.002074688796680498,1,1.3862943611198906,0.0028761293799167854
2 B R 0 2 B,bag,2,0.002074688796680498,1,1.3862943611198906,0.0028761293799167854
2 B R 0 2 B,invisible,2,0.002074688796680498,1,1.3862943611198906,0.0028761293799167854
2 B R 0 2 B,i'll,2,0.002074688796680498,1,1.3862943611198906,0.0028761293799167854
2 B R 0 2 B,baby,2,0.002074688796680498,1,1.3862943611198906,0.0028761293799167854
2 B R 0 2 B,honored,2,0.002074688796680498,1,1.3862943611198906,0.0028761293799167854
2 B R 0 2 B,law,2,0.002074688796680498,1,1.3862943611198906,0.0028761293799167854
2 B R 0 2 B,title,2,0.002074688796680498,1,1.3862943611198906,0.0028761293799167854
2 B R 0 2 B,wish,2,0.002074688796680498,1,1.3862943611198906,0.0028761293799167854
2 B R 0 2 B,kiss,2,0.002074688796680498,1,1.3862943611198906,0.0028761293799167854
2 B R 0 2 B,list,2,0.002074688796680498,1,1.3862943611198906,0.0028761293799167854
2 B R 0 2 B,grandpa,2,0.002074688796680498,1,1.3862943611198906,0.0028761293799167854
2 B R 0 2 B,edward,2,0.002074688796680498,1,1.3862943611198906,0.0028761293799167854
2 B R 0 2 B,death,2,0.002074688796680498,1,1.3862943611198906,0.0028761293799167854
2 B R 0 2 B,faceless,2,0.002074688796680498,1,1.3862943611198906,0.0028761293799167854
2 B R 0 2 B,fine,2,0.002074688796680498,1,1.3862943611198906,0.0028761293799167854
2 B R 0 2 B,we've,2,0.002074688796680498,1,1.3862943611198906,0.0028761293799167854
2 B R 0 2 B,sheepdip,2,0.002074688796680498,1,1.3862943611198906,0.0028761293799167854
2 B R 0 2 B,chambers,2,0.002074688796680498,1,1.3862943611198906,0.0028761293799167854
2 B R 0 2 B,shoes,2,0.002074688796680498,1,1.3862943611198906,0.0028761293799167854
2 B R 0 2 B,mother,2,0.002074688796680498,1,1.3862943611198906,0.0028761293799167854
2 B R 0 2 B,spot,2,0.002074688796680498,1,1.3862943611198906,0.0028761293799167854
2 B R 0 2 B,business,2,0.002074688796680498,1,1.3862943611198906,0.0028761293799167854
2 B R 0 2 B,saw,2,0.002074688796680498,1,1.3862943611198906,0.0028761293799167854
2 B R 0 2 B,service,2,0.002074688796680498,1,1.3862943611198906,0.0028761293799167854
2 B R 0 2 B,unless,2,0.002074688796680498,1,1.3862943611198906,0.0028761293799167854
2 B R 0 2 B,grandfather,2,0.002074688796680498,1,1.3862943611198906,0.0028761293799167854
Keep Out,planet,4,0.008456659619450317,3,0.28768207245178085,0.0024328293653427557
Navy Day,states,3,0.0034482758620689655,2,0.6931471805599453,0.002390162691586018
Navy Day,tanks,3,0.0034482758620689655,2,0.6931471805599453,0.002390162691586018
Navy Day,radio,3,0.0034482758620689655,2,0.6931471805599453,0.002390162691586018
The Eyes Have It,earth,3,0.007537688442211055,3,0.28768207245178085,0.0021684578325511118
2 B R 0 2 B,did,3,0.0031120331950207467,2,0.6931471805599453,0.002157097034937589
2 B R 0 2 B,lot,3,0.0031120331950207467,2,0.6931471805599453,0.002157097034937589
2 B R 0 2 B,little,3,0.0031120331950207467,2,0.6931471805599453,0.002157097034937589
2 B R 0 2 B,body,3,0.0031120331950207467,2,0.6931471805599453,0.002157097034937589
2 B R 0 2 B,world,3,0.0031120331950207467,2,0.6931471805599453,0.002157097034937589
2 B R 0 2 B,die,3,0.0031120331950207467,2,0.6931471805599453,0.002157097034937589
2 B R 0 2 B,control,3,0.0031120331950207467,2,0.6931471805599453,0.002157097034937589
Navy Day,surface,6,0.006896551724137931,3,0.28768207245178085,0.0019840142927709022
Keep Out,final,3,0.006342494714587738,3,0.28768207245178085,0.0018246220240070667
The Eyes Have It,slow,1,0.002512562814070352,2,0.6931471805599453,0.0017415758305526264
The Eyes Have It,tried,1,0.002512562814070352,2,0.6931471805599453,0.0017415758305526264
The Eyes Have It,brow,1,0.002512562814070352,2,0.6931471805599453,0.0017415758305526264
The Eyes Have It,felt,1,0.002512562814070352,2,0.6931471805599453,0.0017415758305526264
The Eyes Have It,wait,1,0.002512562814070352,2,0.6931471805599453,0.0017415758305526264
The Eyes Have It,perfectly,1,0.002512562814070352,2,0.6931471805599453,0.0017415758305526264
The Eyes Have It,human,1,0.002512562814070352,2,0.6931471805599453,0.0017415758305526264
The Eyes Have It,picture,1,0.002512562814070352,2,0.6931471805599453,0.0017415758305526264
The Eyes Have It,turning,1,0.002512562814070352,2,0.6931471805599453,0.0017415758305526264
The Eyes Have It,control,1,0.002512562814070352,2,0.6931471805599453,0.0017415758305526264
The Eyes Have It,transparent,1,0.002512562814070352,2,0.6931471805599453,0.0017415758305526264
The Eyes Have It,gone,1,0.002512562814070352,2,0.6931471805599453,0.0017415758305526264
The Eyes Have It,house,1,0.002512562814070352,2,0.6931471805599453,0.0017415758305526264
The Eyes Have It,warm,1,0.002512562814070352,2,0.6931471805599453,0.0017415758305526264
The Eyes Have It,content,1,0.002512562814070352,2,0.6931471805599453,0.0017415758305526264
The Eyes Have It,hear,1,0.002512562814070352,2,0.6931471805599453,0.0017415758305526264
The Eyes Have It,calmly,1,0.002512562814070352,2,0.6931471805599453,0.0017415758305526264
The Eyes Have It,smile,1,0.002512562814070352,2,0.6931471805599453,0.0017415758305526264
The Eyes Have It,what's,1,0.002512562814070352,2,0.6931471805599453,0.0017415758305526264
The Eyes Have It,teeth,1,0.002512562814070352,2,0.6931471805599453,0.0017415758305526264
The Eyes Have It,fellow,1,0.002512562814070352,2,0.6931471805599453,0.0017415758305526264
The Eyes Have It,girl,1,0.002512562814070352,2,0.6931471805599453,0.0017415758305526264
The Eyes Have It,alien,1,0.002512562814070352,2,0.6931471805599453,0.0017415758305526264
The Eyes Have It,wrong,1,0.002512562814070352,2,0.6931471805599453,0.0017415758305526264
The Eyes Have It,corner,1,0.002512562814070352,2,0.6931471805599453,0.0017415758305526264
The Eyes Have It,strange,1,0.002512562814070352,2,0.6931471805599453,0.0017415758305526264
The Eyes Have It,normal,1,0.002512562814070352,2,0.6931471805599453,0.0017415758305526264
The Eyes Have It,case,1,0.002512562814070352,2,0.6931471805599453,0.0017415758305526264
The Eyes Have It,probably,1,0.002512562814070352,2,0.6931471805599453,0.0017415758305526264
The Eyes Have It,tossed,1,0.002512562814070352,2,0.6931471805599453,0.0017415758305526264
The Eyes Have It,developed,1,0.002512562814070352,2,0.6931471805599453,0.0017415758305526264
The Eyes Have It,simple,1,0.002512562814070352,2,0.6931471805599453,0.0017415758305526264
The Eyes Have It,mixed,1,0.002512562814070352,2,0.6931471805599453,0.0017415758305526264
The Eyes Have It,given,1,0.002512562814070352,2,0.6931471805599453,0.0017415758305526264
The Eyes Have It,similar,1,0.002512562814070352,2,0.6931471805599453,0.0017415758305526264
The Eyes Have It,hands,1,0.002512562814070352,2,0.6931471805599453,0.0017415758305526264
The Eyes Have It,government,1,0.002512562814070352,2,0.6931471805599453,0.0017415758305526264
The Eyes Have It,lower,1,0.002512562814070352,2,0.6931471805599453,0.0017415758305526264
The Eyes Have It,outside,1,0.002512562814070352,2,0.6931471805599453,0.0017415758305526264
The Eyes Have It,frame,1,0.002512562814070352,2,0.6931471805599453,0.0017415758305526264
The Eyes Have It,sink,1,0.002512562814070352,2,0.6931471805599453,0.0017415758305526264
The Eyes Have It,i'd,1,0.002512562814070352,2,0.6931471805599453,0.0017415758305526264
The Eyes Have It,terrestrial,1,0.002512562814070352,2,0.6931471805599453,0.0017415758305526264
The Eyes Have It,later,1,0.002512562814070352,2,0.6931471805599453,0.0017415758305526264
Navy Day,sailing,1,0.0011494252873563218,1,1.3862943611198906,0.0015934417943906788
Navy Day,majestically,1,0.0011494252873563218,1,1.3862943611198906,0.0015934417943906788
Navy Day,constitution,1,0.0011494252873563218,1,1.3862943611198906,0.0015934417943906788
Navy Day,equipped,1,0.0011494252873563218,1,1.3862943611198906,0.0015934417943906788
Navy Day,awaits,1,0.0011494252873563218,1,1.3862943611198906,0.0015934417943906788
Navy Day,gonna,1,0.0011494252873563218,1,1.3862943611198906,0.0015934417943906788
Navy Day,trip,1,0.0011494252873563218,1,1.3862943611198906,0.0015934417943906788
Navy Day,prize,1,0.0011494252873563218,1,1.3862943611198906,0.0015934417943906788
Navy Day,window,1,0.0011494252873563218,1,1.3862943611198906,0.0015934417943906788
Navy Day,bellowed,1,0.0011494252873563218,1,1.3862943611198906,0.0015934417943906788
Navy Day,word,1,0.0011494252873563218,1,1.3862943611198906,0.0015934417943906788
Navy Day,blinked,1,0.0011494252873563218,1,1.3862943611198906,0.0015934417943906788
Navy Day,rubbed,1,0.0011494252873563218,1,1.3862943611198906,0.0015934417943906788
Navy Day,temporarily,1,0.0011494252873563218,1,1.3862943611198906,0.0015934417943906788
Navy Day,lessens,1,0.0011494252873563218,1,1.3862943611198906,0.0015934417943906788
Navy Day,kept,1,0.0011494252873563218,1,1.3862943611198906,0.0015934417943906788
Navy Day,mills,1,0.0011494252873563218,1,1.3862943611198906,0.0015934417943906788
Navy Day,absorbed,1,0.0011494252873563218,1,1.3862943611198906,0.0015934417943906788
Navy Day,adopted,1,0.0011494252873563218,1,1.3862943611198906,0.0015934417943906788
Navy Day,fantastic,1,0.0011494252873563218,1,1.3862943611198906,0.0015934417943906788
Navy Day,anachronism,1,0.0011494252873563218,1,1.3862943611198906,0.0015934417943906788
Navy Day,army's,1,0.0011494252873563218,1,1.3862943611198906,0.0015934417943906788
Navy Day,missouri,1,0.0011494252873563218,1,1.3862943611198906,0.0015934417943906788
Navy Day,abolished,1,0.0011494252873563218,1,1.3862943611198906,0.0015934417943906788
Navy Day,vengeance,1,0.0011494252873563218,1,1.3862943611198906,0.0015934417943906788
Navy Day,doom,1,0.0011494252873563218,1,1.3862943611198906,0.0015934417943906788
Navy Day,inescapable,1,0.0011494252873563218,1,1.3862943611198906,0.0015934417943906788
Navy Day,elaborate,1,0.0011494252873563218,1,1.3862943611198906,0.0015934417943906788
Navy Day,plans,1,0.0011494252873563218,1,1.3862943611198906,0.0015934417943906788
Navy Day,contest,1,0.0011494252873563218,1,1.3862943611198906,0.0015934417943906788
Navy Day,copy,1,0.0011494252873563218,1,1.3862943611198906,0.0015934417943906788
Navy Day,publicity,1,0.0011494252873563218,1,1.3862943611198906,0.0015934417943906788
Navy Day,second,1,0.0011494252873563218,1,1.3862943611198906,0.0015934417943906788
Navy Day,night,1,0.0011494252873563218,1,1.3862943611198906,0.0015934417943906788
Navy Day,perfection,1,0.0011494252873563218,1,1.3862943611198906,0.0015934417943906788
Navy Day,hoped,1,0.0011494252873563218,1,1.3862943611198906,0.0015934417943906788
Navy Day,forced,1,0.0011494252873563218,1,1.3862943611198906,0.0015934417943906788
Navy Day,rights,1,0.0011494252873563218,1,1.3862943611198906,0.0015934417943906788
Navy Day,fair,1,0.0011494252873563218,1,1.3862943611198906,0.0015934417943906788
Navy Day,treatment,1,0.0011494252873563218,1,1.3862943611198906,0.0015934417943906788
Navy Day,hold,1,0.0011494252873563218,1,1.3862943611198906,0.0015934417943906788
Navy Day,molecules,1,0.0011494252873563218,1,1.3862943611198906,0.0015934417943906788
Navy Day,counter,1,0.0011494252873563218,1,1.3862943611198906,0.0015934417943906788
Navy Day,worn,1,0.0011494252873563218,1,1.3862943611198906,0.0015934417943906788
Navy Day,metaphors,1,0.0011494252873563218,1,1.3862943611198906,0.0015934417943906788
Navy Day,necessary,1,0.0011494252873563218,1,1.3862943611198906,0.0015934417943906788
Navy Day,stabbed,1,0.0011494252873563218,1,1.3862943611198906,0.0015934417943906788
Navy Day,suffered,1,0.0011494252873563218,1,1.3862943611198906,0.0015934417943906788
Navy Day,climbed,1,0.0011494252873563218,1,1.3862943611198906,0.0015934417943906788
Navy Day,lesser,2,0.0022988505747126436,2,0.6931471805599453,0.0015934417943906788
Navy Day,pearl,1,0.0011494252873563218,1,1.3862943611198906,0.0015934417943906788
Navy Day,harbor,1,0.0011494252873563218,1,1.3862943611198906,0.0015934417943906788
Navy Day,sneak,1,0.0011494252873563218,1,1.3862943611198906,0.0015934417943906788
Navy Day,relinquished,1,0.0011494252873563218,1,1.3862943611198906,0.0015934417943906788
Navy Day,binding,1,0.0011494252873563218,1,1.3862943611198906,0.0015934417943906788
Navy Day,energies,1,0.0011494252873563218,1,1.3862943611198906,0.0015934417943906788
Navy Day,gold,1,0.0011494252873563218,1,1.3862943611198906,0.0015934417943906788
Navy Day,braid,1,0.0011494252873563218,1,1.3862943611198906,0.0015934417943906788
Navy Day,broke,1,0.0011494252873563218,1,1.3862943611198906,0.0015934417943906788
Navy Day,disgust,1,0.0011494252873563218,1,1.3862943611198906,0.0015934417943906788
Navy Day,body,2,0.0022988505747126436,2,0.6931471805599453,0.0015934417943906788
Navy Day,denoting,1,0.0011494252873563218,1,1.3862943611198906,0.0015934417943906788
Navy Day,outraged,1,0.0011494252873563218,1,1.3862943611198906,0.0015934417943906788
Navy Day,dignity,1,0.0011494252873563218,1,1.3862943611198906,0.0015934417943906788
Navy Day,sweeping,1,0.0011494252873563218,1,1.3862943611198906,0.0015934417943906788
Navy Day,gesture,1,0.0011494252873563218,1,1.3862943611198906,0.0015934417943906788
Navy Day,importance,2,0.0022988505747126436,2,0.6931471805599453,0.0015934417943906788
Navy Day,personal,1,0.0011494252873563218,1,1.3862943611198906,0.0015934417943906788
Navy Day,level,1,0.0011494252873563218,1,1.3862943611198906,0.0015934417943906788
Navy Day,demonstrated,1,0.0011494252873563218,1,1.3862943611198906,0.0015934417943906788
Navy Day,judgments,1,0.0011494252873563218,1,1.3862943611198906,0.0015934417943906788
Navy Day,seen,1,0.0011494252873563218,1,1.3862943611198906,0.0015934417943906788
Navy Day,health,1,0.0011494252873563218,1,1.3862943611198906,0.0015934417943906788
Navy Day,connected,1,0.0011494252873563218,1,1.3862943611198906,0.0015934417943906788
Navy Day,preposterous,1,0.0011494252873563218,1,1.3862943611198906,0.0015934417943906788
Navy Day,proposal,1,0.0011494252873563218,1,1.3862943611198906,0.0015934417943906788
Navy Day,blame,1,0.0011494252873563218,1,1.3862943611198906,0.0015934417943906788
Navy Day,annoyed,1,0.0011494252873563218,1,1.3862943611198906,0.0015934417943906788
Navy Day,issue,1,0.0011494252873563218,1,1.3862943611198906,0.0015934417943906788
Navy Day,national,1,0.0011494252873563218,1,1.3862943611198906,0.0015934417943906788
Navy Day,statements,1,0.0011494252873563218,1,1.3862943611198906,0.0015934417943906788
Navy Day,demented,1,0.0011494252873563218,1,1.3862943611198906,0.0015934417943906788
Navy Day,offer,1,0.0011494252873563218,1,1.3862943611198906,0.0015934417943906788
Navy Day,recommendation,1,0.0011494252873563218,1,1.3862943611198906,0.0015934417943906788
Navy Day,sanity,1,0.0011494252873563218,1,1.3862943611198906,0.0015934417943906788
Navy Day,investigated,1,0.0011494252873563218,1,1.3862943611198906,0.0015934417943906788
Navy Day,inquiry,1,0.0011494252873563218,1,1.3862943611198906,0.0015934417943906788
Navy Day,mental,1,0.0011494252873563218,1,1.3862943611198906,0.0015934417943906788
Navy Day,wet,1,0.0011494252873563218,1,1.3862943611198906,0.0015934417943906788
Navy Day,ancient,1,0.0011494252873563218,1,1.3862943611198906,0.0015934417943906788
Navy Day,having,1,0.0011494252873563218,1,1.3862943611198906,0.0015934417943906788
Navy Day,trials,1,0.0011494252873563218,1,1.3862943611198906,0.0015934417943906788
Navy Day,significance,1,0.0011494252873563218,1,1.3862943611198906,0.0015934417943906788
Navy Day,underestimated,1,0.0011494252873563218,1,1.3862943611198906,0.0015934417943906788
Navy Day,positive,1,0.0011494252873563218,1,1.3862943611198906,0.0015934417943906788
Navy Day,mopped,1,0.0011494252873563218,1,1.3862943611198906,0.0015934417943906788
Navy Day,stage,1,0.0011494252873563218,1,1.3862943611198906,0.0015934417943906788
Navy Day,olive,1,0.0011494252873563218,1,1.3862943611198906,0.0015934417943906788
Navy Day,drab,1,0.0011494252873563218,1,1.3862943611198906,0.0015934417943906788
Navy Day,early,1,0.0011494252873563218,1,1.3862943611198906,0.0015934417943906788
Navy Day,blood,1,0.0011494252873563218,1,1.3862943611198906,0.0015934417943906788
Navy Day,pressure,1,0.0011494252873563218,1,1.3862943611198906,0.0015934417943906788
Navy Day,mounted,1,0.0011494252873563218,1,1.3862943611198906,0.0015934417943906788
Navy Day,new,1,0.0011494252873563218,1,1.3862943611198906,0.0015934417943906788
Navy Day,barrier,1,0.0011494252873563218,1,1.3862943611198906,0.0015934417943906788
Navy Day,american,1,0.0011494252873563218,1,1.3862943611198906,0.0015934417943906788
Navy Day,defense,1,0.0011494252873563218,1,1.3862943611198906,0.0015934417943906788
Navy Day,end,2,0.0022988505747126436,2,0.6931471805599453,0.0015934417943906788
Navy Day,thud,1,0.0011494252873563218,1,1.3862943611198906,0.0015934417943906788
Navy Day,unconscious,1,0.0011494252873563218,1,1.3862943611198906,0.0015934417943906788
Navy Day,cameras,1,0.0011494252873563218,1,1.3862943611198906,0.0015934417943906788
Navy Day,extended,1,0.0011494252873563218,1,1.3862943611198906,0.0015934417943906788
Navy Day,dodo,1,0.0011494252873563218,1,1.3862943611198906,0.0015934417943906788
Navy Day,brontosaurus,1,0.0011494252873563218,1,1.3862943611198906,0.0015934417943906788
Navy Day,reserve,1,0.0011494252873563218,1,1.3862943611198906,0.0015934417943906788
Navy Day,hasty,1,0.0011494252873563218,1,1.3862943611198906,0.0015934417943906788
Navy Day,unwarranted,1,0.0011494252873563218,1,1.3862943611198906,0.0015934417943906788
Navy Day,fashion,1,0.0011494252873563218,1,1.3862943611198906,0.0015934417943906788
Navy Day,existed,1,0.0011494252873563218,1,1.3862943611198906,0.0015934417943906788
Navy Day,exist,1,0.0011494252873563218,1,1.3862943611198906,0.0015934417943906788
Navy Day,force,1,0.0011494252873563218,1,1.3862943611198906,0.0015934417943906788
Navy Day,argument,1,0.0011494252873563218,1,1.3862943611198906,0.0015934417943906788
Navy Day,raging,1,0.0011494252873563218,1,1.3862943611198906,0.0015934417943906788
Navy Day,assembled,1,0.0011494252873563218,1,1.3862943611198906,0.0015934417943906788
Navy Day,solons,1,0.0011494252873563218,1,1.3862943611198906,0.0015934417943906788
Navy Day,era,1,0.0011494252873563218,1,1.3862943611198906,0.0015934417943906788
Navy Day,joins,1,0.0011494252873563218,1,1.3862943611198906,0.0015934417943906788
Navy Day,fossils,1,0.0011494252873563218,1,1.3862943611198906,0.0015934417943906788
Navy Day,bees,1,0.0011494252873563218,1,1.3862943611198906,0.0015934417943906788
Navy Day,knot,1,0.0011494252873563218,1,1.3862943611198906,0.0015934417943906788
Navy Day,comment,1,0.0011494252873563218,1,1.3862943611198906,0.0015934417943906788
Navy Day,ran,1,0.0011494252873563218,1,1.3862943611198906,0.0015934417943906788
Navy Day,break,1,0.0011494252873563218,1,1.3862943611198906,0.0015934417943906788
Navy Day,shocked,1,0.0011494252873563218,1,1.3862943611198906,0.0015934417943906788
Navy Day,helmets,1,0.0011494252873563218,1,1.3862943611198906,0.0015934417943906788
Navy Day,roofs,1,0.0011494252873563218,1,1.3862943611198906,0.0015934417943906788
Navy Day,died,1,0.0011494252873563218,1,1.3862943611198906,0.0015934417943906788
Navy Day,direction,1,0.0011494252873563218,1,1.3862943611198906,0.0015934417943906788
Navy Day,buzz,1,0.0011494252873563218,1,1.3862943611198906,0.0015934417943906788
Navy Day,excited,1,0.0011494252873563218,1,1.3862943611198906,0.0015934417943906788
Navy Day,blue,1,0.0011494252873563218,1,1.3862943611198906,0.0015934417943906788
Navy Day,stirred,1,0.0011494252873563218,1,1.3862943611198906,0.0015934417943906788
Navy Day,buzzed,1,0.0011494252873563218,1,1.3862943611198906,0.0015934417943906788
Navy Day,smoked,1,0.0011494252873563218,1,1.3862943611198906,0.0015934417943906788
Navy Day,operating,1,0.0011494252873563218,1,1.3862943611198906,0.0015934417943906788
Navy Day,order,1,0.0011494252873563218,1,1.3862943611198906,0.0015934417943906788
Navy Day,press,1,0.0011494252873563218,1,1.3862943611198906,0.0015934417943906788
Navy Day,emptied,1,0.0011494252873563218,1,1.3862943611198906,0.0015934417943906788
Navy Day,concerted,1,0.0011494252873563218,1,1.3862943611198906,0.0015934417943906788
Navy Day,rush,1,0.0011494252873563218,1,1.3862943611198906,0.0015934417943906788
Navy Day,heads,1,0.0011494252873563218,1,1.3862943611198906,0.0015934417943906788
Navy Day,clatter,1,0.0011494252873563218,1,1.3862943611198906,0.0015934417943906788
Navy Day,record,1,0.0011494252873563218,1,1.3862943611198906,0.0015934417943906788
Navy Day,gentle,1,0.0011494252873563218,1,1.3862943611198906,0.0015934417943906788
Navy Day,jefferson,1,0.0011494252873563218,1,1.3862943611198906,0.0015934417943906788
Navy Day,glinted,1,0.0011494252873563218,1,1.3862943611198906,0.0015934417943906788
Navy Day,striking,1,0.0011494252873563218,1,1.3862943611198906,0.0015934417943906788
Navy Day,understand,2,0.0022988505747126436,2,0.6931471805599453,0.0015934417943906788
Navy Day,attacked,1,0.0011494252873563218,1,1.3862943611198906,0.0015934417943906788
Navy Day,aid,1,0.0011494252873563218,1,1.3862943611198906,0.0015934417943906788
Navy Day,settled,1,0.0011494252873563218,1,1.3862943611198906,0.0015934417943906788
Navy Day,uncomfortable,1,0.0011494252873563218,1,1.3862943611198906,0.0015934417943906788
Navy Day,short,1,0.0011494252873563218,1,1.3862943611198906,0.0015934417943906788
Navy Day,consisted,1,0.0011494252873563218,1,1.3862943611198906,0.0015934417943906788
Navy Day,amplifications,1,0.0011494252873563218,1,1.3862943611198906,0.0015934417943906788
Navy Day,opening,1,0.0011494252873563218,1,1.3862943611198906,0.0015934417943906788
Navy Day,statement,1,0.0011494252873563218,1,1.3862943611198906,0.0015934417943906788
Navy Day,actions,1,0.0011494252873563218,1,1.3862943611198906,0.0015934417943906788
Navy Day,microphones,1,0.0011494252873563218,1,1.3862943611198906,0.0015934417943906788
Navy Day,speakers,1,0.0011494252873563218,1,1.3862943611198906,0.0015934417943906788
Navy Day,platform,1,0.0011494252873563218,1,1.3862943611198906,0.0015934417943906788
Navy Day,center,1,0.0011494252873563218,1,1.3862943611198906,0.0015934417943906788
Navy Day,near,1,0.0011494252873563218,1,1.3862943611198906,0.0015934417943906788
Navy Day,precisely,1,0.0011494252873563218,1,1.3862943611198906,0.0015934417943906788
Navy Day,stepped,2,0.0022988505747126436,2,0.6931471805599453,0.0015934417943906788
Navy Day,scowled,1,0.0011494252873563218,1,1.3862943611198906,0.0015934417943906788
Navy Day,workers,1,0.0011494252873563218,1,1.3862943611198906,0.0015934417943906788
Navy Day,common,1,0.0011494252873563218,1,1.3862943611198906,0.0015934417943906788
Navy Day,stream,1,0.0011494252873563218,1,1.3862943611198906,0.0015934417943906788
Navy Day,cleared,1,0.0011494252873563218,1,1.3862943611198906,0.0015934417943906788
Navy Day,screaming,1,0.0011494252873563218,1,1.3862943611198906,0.0015934417943906788
Navy Day,capital,1,0.0011494252873563218,1,1.3862943611198906,0.0015934417943906788
Navy Day,services,1,0.0011494252873563218,1,1.3862943611198906,0.0015934417943906788
Navy Day,close,2,0.0022988505747126436,2,0.6931471805599453,0.0015934417943906788
Navy Day,crowded,1,0.0011494252873563218,1,1.3862943611198906,0.0015934417943906788
Navy Day,moving,1,0.0011494252873563218,1,1.3862943611198906,0.0015934417943906788
Navy Day,sun,1,0.0011494252873563218,1,1.3862943611198906,0.0015934417943906788
Navy Day,warmed,1,0.0011494252873563218,1,1.3862943611198906,0.0015934417943906788
Navy Day,sirens,1,0.0011494252873563218,1,1.3862943611198906,0.0015934417943906788
Navy Day,motorcycle,1,0.0011494252873563218,1,1.3862943611198906,0.0015934417943906788
Navy Day,policemen,1,0.0011494252873563218,1,1.3862943611198906,0.0015934417943906788
Navy Day,wave,1,0.0011494252873563218,1,1.3862943611198906,0.0015934417943906788
Navy Day,indrawn,1,0.0011494252873563218,1,1.3862943611198906,0.0015934417943906788
Navy Day,gasp,1,0.0011494252873563218,1,1.3862943611198906,0.0015934417943906788
Navy Day,squad,1,0.0011494252873563218,1,1.3862943611198906,0.0015934417943906788
Navy Day,stiffly,1,0.0011494252873563218,1,1.3862943611198906,0.0015934417943906788
Navy Day,attention,1,0.0011494252873563218,1,1.3862943611198906,0.0015934417943906788
Navy Day,driver,1,0.0011494252873563218,1,1.3862943611198906,0.0015934417943906788
Navy Day,caught,1,0.0011494252873563218,1,1.3862943611198906,0.0015934417943906788
Navy Day,plunging,1,0.0011494252873563218,1,1.3862943611198906,0.0015934417943906788
Navy Day,torpedoes,1,0.0011494252873563218,1,1.3862943611198906,0.0015934417943906788
Navy Day,straight,1,0.0011494252873563218,1,1.3862943611198906,0.0015934417943906788
Navy Day,ahead,1,0.0011494252873563218,1,1.3862943611198906,0.0015934417943906788
Navy Day,enemy's,1,0.0011494252873563218,1,1.3862943611198906,0.0015934417943906788
Navy Day,permission,1,0.0011494252873563218,1,1.3862943611198906,0.0015934417943906788
Navy Day,doomed,1,0.0011494252873563218,1,1.3862943611198906,0.0015934417943906788
Navy Day,fighting,1,0.0011494252873563218,1,1.3862943611198906,0.0015934417943906788
Navy Day,river's,1,0.0011494252873563218,1,1.3862943611198906,0.0015934417943906788
Navy Day,recovered,1,0.0011494252873563218,1,1.3862943611198906,0.0015934417943906788
Navy Day,choleric,1,0.0011494252873563218,1,1.3862943611198906,0.0015934417943906788
Navy Day,appointed,1,0.0011494252873563218,1,1.3862943611198906,0.0015934417943906788
Navy Day,speaker,1,0.0011494252873563218,1,1.3862943611198906,0.0015934417943906788
Navy Day,reason,1,0.0011494252873563218,1,1.3862943611198906,0.0015934417943906788
Navy Day,admirals,1,0.0011494252873563218,1,1.3862943611198906,0.0015934417943906788
Navy Day,requested,1,0.0011494252873563218,1,1.3862943611198906,0.0015934417943906788
Navy Day,tradition,1,0.0011494252873563218,1,1.3862943611198906,0.0015934417943906788
Navy Day,opportunity,1,0.0011494252873563218,1,1.3862943611198906,0.0015934417943906788
Navy Day,address,1,0.0011494252873563218,1,1.3862943611198906,0.0015934417943906788
Navy Day,patronizingly,1,0.0011494252873563218,1,1.3862943611198906,0.0015934417943906788
Navy Day,granted,1,0.0011494252873563218,1,1.3862943611198906,0.0015934417943906788
Navy Day,ditch,1,0.0011494252873563218,1,1.3862943611198906,0.0015934417943906788
Navy Day,battle,1,0.0011494252873563218,1,1.3862943611198906,0.0015934417943906788
Navy Day,balloting,1,0.0011494252873563218,1,1.3862943611198906,0.0015934417943906788
Navy Day,pretty,1,0.0011494252873563218,1,1.3862943611198906,0.0015934417943906788
Navy Day,requests,1,0.0011494252873563218,1,1.3862943611198906,0.0015934417943906788
Navy Day,abolish,1,0.0011494252873563218,1,1.3862943611198906,0.0015934417943906788
Navy Day,forces,1,0.0011494252873563218,1,1.3862943611198906,0.0015934417943906788
Navy Day,pulse,1,0.0011494252873563218,1,1.3862943611198906,0.0015934417943906788
Navy Day,beating,1,0.0011494252873563218,1,1.3862943611198906,0.0015934417943906788
Navy Day,forehead,1,0.0011494252873563218,1,1.3862943611198906,0.0015934417943906788
Navy Day,comprehend,1,0.0011494252873563218,1,1.3862943611198906,0.0015934417943906788
Navy Day,attitude,1,0.0011494252873563218,1,1.3862943611198906,0.0015934417943906788
Navy Day,delivered,1,0.0011494252873563218,1,1.3862943611198906,0.0015934417943906788
Navy Day,shortest,1,0.0011494252873563218,1,1.3862943611198906,0.0015934417943906788
Navy Day,senator,1,0.0011494252873563218,1,1.3862943611198906,0.0015934417943906788
Navy Day,georgia,1,0.0011494252873563218,1,1.3862943611198906,0.0015934417943906788
Navy Day,checked,1,0.0011494252873563218,1,1.3862943611198906,0.0015934417943906788
Navy Day,hearing,1,0.0011494252873563218,1,1.3862943611198906,0.0015934417943906788
Navy Day,hallowed,1,0.0011494252873563218,1,1.3862943611198906,0.0015934417943906788
Navy Day,halls,1,0.0011494252873563218,1,1.3862943611198906,0.0015934417943906788
Navy Day,june,1,0.0011494252873563218,1,1.3862943611198906,0.0015934417943906788
Navy Day,coming,1,0.0011494252873563218,1,1.3862943611198906,0.0015934417943906788
Navy Day,destined,1,0.0011494252873563218,1,1.3862943611198906,0.0015934417943906788
Navy Day,archaic,1,0.0011494252873563218,1,1.3862943611198906,0.0015934417943906788
Navy Day,armed,1,0.0011494252873563218,1,1.3862943611198906,0.0015934417943906788
Navy Day,authority,1,0.0011494252873563218,1,1.3862943611198906,0.0015934417943906788
Navy Day,drew,1,0.0011494252873563218,1,1.3862943611198906,0.0015934417943906788
Navy Day,deep,1,0.0011494252873563218,1,1.3862943611198906,0.0015934417943906788
Navy Day,muddy,1,0.0011494252873563218,1,1.3862943611198906,0.0015934417943906788
Navy Day,waters,1,0.0011494252873563218,1,1.3862943611198906,0.0015934417943906788
Navy Day,engine,1,0.0011494252873563218,1,1.3862943611198906,0.0015934417943906788
Navy Day,grind,1,0.0011494252873563218,1,1.3862943611198906,0.0015934417943906788
Navy Day,gears,1,0.0011494252873563218,1,1.3862943611198906,0.0015934417943906788
Navy Day,curved,1,0.0011494252873563218,1,1.3862943611198906,0.0015934417943906788
Navy Day,water's,1,0.0011494252873563218,1,1.3862943611198906,0.0015934417943906788
Navy Day,balmy,1,0.0011494252873563218,1,1.3862943611198906,0.0015934417943906788
Navy Day,remaining,1,0.0011494252873563218,1,1.3862943611198906,0.0015934417943906788
Navy Day,series,1,0.0011494252873563218,1,1.3862943611198906,0.0015934417943906788
Navy Day,maneuvers,1,0.0011494252873563218,1,1.3862943611198906,0.0015934417943906788
Navy Day,shore,1,0.0011494252873563218,1,1.3862943611198906,0.0015934417943906788
Navy Day,goaded,1,0.0011494252873563218,1,1.3862943611198906,0.0015934417943906788
Navy Day,kicked,1,0.0011494252873563218,1,1.3862943611198906,0.0015934417943906788
Navy Day,speak,1,0.0011494252873563218,1,1.3862943611198906,0.0015934417943906788
Navy Day,louder,1,0.0011494252873563218,1,1.3862943611198906,0.0015934417943906788
Navy Day,bark,1,0.0011494252873563218,1,1.3862943611198906,0.0015934417943906788
Navy Day,leapt,1,0.0011494252873563218,1,1.3862943611198906,0.0015934417943906788
Navy Day,lined,1,0.0011494252873563218,1,1.3862943611198906,0.0015934417943906788
Navy Day,showy,1,0.0011494252873563218,1,1.3862943611198906,0.0015934417943906788
Navy Day,rode,1,0.0011494252873563218,1,1.3862943611198906,0.0015934417943906788
Navy Day,surrounded,1,0.0011494252873563218,1,1.3862943611198906,0.0015934417943906788
Navy Day,returned,1,0.0011494252873563218,1,1.3862943611198906,0.0015934417943906788
Navy Day,salute,1,0.0011494252873563218,1,1.3862943611198906,0.0015934417943906788
Navy Day,saucer,1,0.0011494252873563218,1,1.3862943611198906,0.0015934417943906788
Navy Day,shaped,1,0.0011494252873563218,1,1.3862943611198906,0.0015934417943906788
Navy Day,depression,1,0.0011494252873563218,1,1.3862943611198906,0.0015934417943906788
Navy Day,parked,1,0.0011494252873563218,1,1.3862943611198906,0.0015934417943906788
Navy Day,yards,1,0.0011494252873563218,1,1.3862943611198906,0.0015934417943906788
Navy Day,glassy,1,0.0011494252873563218,1,1.3862943611198906,0.0015934417943906788
Navy Day,character,1,0.0011494252873563218,1,1.3862943611198906,0.0015934417943906788
Navy Day,sergeant's,1,0.0011494252873563218,1,1.3862943611198906,0.0015934417943906788
Navy Day,tracks,1,0.0011494252873563218,1,1.3862943611198906,0.0015934417943906788
Navy Day,parapet,1,0.0011494252873563218,1,1.3862943611198906,0.0015934417943906788
Navy Day,weapons,1,0.0011494252873563218,1,1.3862943611198906,0.0015934417943906788
Navy Day,bys,1,0.0011494252873563218,1,1.3862943611198906,0.0015934417943906788
Navy Day,shrinking,1,0.0011494252873563218,1,1.3862943611198906,0.0015934417943906788
Navy Day,insignificance,1,0.0011494252873563218,1,1.3862943611198906,0.0015934417943906788
Navy Day,looming,1,0.0011494252873563218,1,1.3862943611198906,0.0015934417943906788
Navy Day,patton,1,0.0011494252873563218,1,1.3862943611198906,0.0015934417943906788
Navy Day,display,1,0.0011494252873563218,1,1.3862943611198906,0.0015934417943906788
Navy Day,typical,1,0.0011494252873563218,1,1.3862943611198906,0.0015934417943906788
Navy Day,example,1,0.0011494252873563218,1,1.3862943611198906,0.0015934417943906788
Navy Day,lines,1,0.0011494252873563218,1,1.3862943611198906,0.0015934417943906788
Navy Day,roared,1,0.0011494252873563218,1,1.3862943611198906,0.0015934417943906788
Navy Day,ingenuity,1,0.0011494252873563218,1,1.3862943611198906,0.0015934417943906788
Navy Day,units,1,0.0011494252873563218,1,1.3862943611198906,0.0015934417943906788
Navy Day,supported,1,0.0011494252873563218,1,1.3862943611198906,0.0015934417943906788
Navy Day,ballerinas,1,0.0011494252873563218,1,1.3862943611198906,0.0015934417943906788
Navy Day,rooted,1,0.0011494252873563218,1,1.3862943611198906,0.0015934417943906788
Navy Day,hushed,1,0.0011494252873563218,1,1.3862943611198906,0.0015934417943906788
Navy Day,rehearsal,1,0.0011494252873563218,1,1.3862943611198906,0.0015934417943906788
Navy Day,tension,1,0.0011494252873563218,1,1.3862943611198906,0.0015934417943906788
Navy Day,eyeballs,1,0.0011494252873563218,1,1.3862943611198906,0.0015934417943906788
Navy Day,bulging,1,0.0011494252873563218,1,1.3862943611198906,0.0015934417943906788
Navy Day,watch,1,0.0011494252873563218,1,1.3862943611198906,0.0015934417943906788
Navy Day,civilian,1,0.0011494252873563218,1,1.3862943611198906,0.0015934417943906788
Navy Day,employees,1,0.0011494252873563218,1,1.3862943611198906,0.0015934417943906788
Navy Day,effect,1,0.0011494252873563218,1,1.3862943611198906,0.0015934417943906788
Navy Day,colonel's,1,0.0011494252873563218,1,1.3862943611198906,0.0015934417943906788
Navy Day,intricate,1,0.0011494252873563218,1,1.3862943611198906,0.0015934417943906788
Navy Day,patterns,1,0.0011494252873563218,1,1.3862943611198906,0.0015934417943906788
Navy Day,backed,1,0.0011494252873563218,1,1.3862943611198906,0.0015934417943906788
Navy Day,puffing,1,0.0011494252873563218,1,1.3862943611198906,0.0015934417943906788
Navy Day,words,1,0.0011494252873563218,1,1.3862943611198906,0.0015934417943906788
Navy Day,ton,1,0.0011494252873563218,1,1.3862943611198906,0.0015934417943906788
Navy Day,filled,2,0.0022988505747126436,2,0.6931471805599453,0.0015934417943906788
Navy Day,infantry,1,0.0011494252873563218,1,1.3862943611198906,0.0015934417943906788
Navy Day,hours,1,0.0011494252873563218,1,1.3862943611198906,0.0015934417943906788
Navy Day,hidden,1,0.0011494252873563218,1,1.3862943611198906,0.0015934417943906788
Navy Day,pond,1,0.0011494252873563218,1,1.3862943611198906,0.0015934417943906788
Navy Day,rumbled,1,0.0011494252873563218,1,1.3862943611198906,0.0015934417943906788
Navy Day,colonel,1,0.0011494252873563218,1,1.3862943611198906,0.0015934417943906788
Navy Day,robert,1,0.0011494252873563218,1,1.3862943611198906,0.0015934417943906788
Navy Day,brooke,1,0.0011494252873563218,1,1.3862943611198906,0.0015934417943906788
Navy Day,experimental,1,0.0011494252873563218,1,1.3862943611198906,0.0015934417943906788
Navy Day,laboratory,1,0.0011494252873563218,1,1.3862943611198906,0.0015934417943906788
Navy Day,highway,1,0.0011494252873563218,1,1.3862943611198906,0.0015934417943906788
Navy Day,mechanics,1,0.0011494252873563218,1,1.3862943611198906,0.0015934417943906788
Navy Day,pushing,1,0.0011494252873563218,1,1.3862943611198906,0.0015934417943906788
Navy Day,feat,1,0.0011494252873563218,1,1.3862943611198906,0.0015934417943906788
Navy Day,accomplished,1,0.0011494252873563218,1,1.3862943611198906,0.0015934417943906788
Navy Day,dornifier,1,0.0011494252873563218,1,1.3862943611198906,0.0015934417943906788
Navy Day,scientist,1,0.0011494252873563218,1,1.3862943611198906,0.0015934417943906788
Navy Day,immediate,1,0.0011494252873563218,1,1.3862943611198906,0.0015934417943906788
Navy Day,area,1,0.0011494252873563218,1,1.3862943611198906,0.0015934417943906788
Navy Day,weight,1,0.0011494252873563218,1,1.3862943611198906,0.0015934417943906788
Navy Day,guidance,1,0.0011494252873563218,1,1.3862943611198906,0.0015934417943906788
Navy Day,tail,1,0.0011494252873563218,1,1.3862943611198906,0.0015934417943906788
Navy Day,evenly,1,0.0011494252873563218,1,1.3862943611198906,0.0015934417943906788
Navy Day,distributed,1,0.0011494252873563218,1,1.3862943611198906,0.0015934417943906788
Navy Day,causing,1,0.0011494252873563218,1,1.3862943611198906,0.0015934417943906788
Navy Day,depressions,1,0.0011494252873563218,1,1.3862943611198906,0.0015934417943906788
Navy Day,rumble,1,0.0011494252873563218,1,1.3862943611198906,0.0015934417943906788
Navy Day,sped,1,0.0011494252873563218,1,1.3862943611198906,0.0015934417943906788
Navy Day,hurled,1,0.0011494252873563218,1,1.3862943611198906,0.0015934417943906788
Navy Day,intensifying,1,0.0011494252873563218,1,1.3862943611198906,0.0015934417943906788
Navy Day,cheap,1,0.0011494252873563218,1,1.3862943611198906,0.0015934417943906788
Navy Day,method,1,0.0011494252873563218,1,1.3862943611198906,0.0015934417943906788
Navy Day,crossing,1,0.0011494252873563218,1,1.3862943611198906,0.0015934417943906788
Navy Day,star,1,0.0011494252873563218,1,1.3862943611198906,0.0015934417943906788
Navy Day,clear,1,0.0011494252873563218,1,1.3862943611198906,0.0015934417943906788
Navy Day,flame,1,0.0011494252873563218,1,1.3862943611198906,0.0015934417943906788
Navy Day,gushed,1,0.0011494252873563218,1,1.3862943611198906,0.0015934417943906788
Navy Day,vision,1,0.0011494252873563218,1,1.3862943611198906,0.0015934417943906788
Navy Day,united,2,0.0022988505747126436,2,0.6931471805599453,0.0015934417943906788
Navy Day,past,1,0.0011494252873563218,1,1.3862943611198906,0.0015934417943906788
Navy Day,drydocks,1,0.0011494252873563218,1,1.3862943611198906,0.0015934417943906788
Navy Day,cumbersome,1,0.0011494252873563218,1,1.3862943611198906,0.0015934417943906788
Navy Day,junk,1,0.0011494252873563218,1,1.3862943611198906,0.0015934417943906788
Navy Day,keeps,1,0.0011494252873563218,1,1.3862943611198906,0.0015934417943906788
Navy Day,oceans,1,0.0011494252873563218,1,1.3862943611198906,0.0015934417943906788
Navy Day,liquids,1,0.0011494252873563218,1,1.3862943611198906,0.0015934417943906788
Navy Day,ship,1,0.0011494252873563218,1,1.3862943611198906,0.0015934417943906788
Navy Day,rang,1,0.0011494252873563218,1,1.3862943611198906,0.0015934417943906788
Navy Day,trumpet,1,0.0011494252873563218,1,1.3862943611198906,0.0015934417943906788
Navy Day,victory,1,0.0011494252873563218,1,1.3862943611198906,0.0015934417943906788
Navy Day,mark,1,0.0011494252873563218,1,1.3862943611198906,0.0015934417943906788
Navy Day,debinder,1,0.0011494252873563218,1,1.3862943611198906,0.0015934417943906788
Navy Day,seeing,1,0.0011494252873563218,1,1.3862943611198906,0.0015934417943906788
Navy Day,battleground,1,0.0011494252873563218,1,1.3862943611198906,0.0015934417943906788
Navy Day,airfield,1,0.0011494252873563218,1,1.3862943611198906,0.0015934417943906788
Navy Day,runway,1,0.0011494252873563218,1,1.3862943611198906,0.0015934417943906788
Navy Day,planes,1,0.0011494252873563218,1,1.3862943611198906,0.0015934417943906788
Navy Day,aircraft,1,0.0011494252873563218,1,1.3862943611198906,0.0015934417943906788
Navy Day,avenue,1,0.0011494252873563218,1,1.3862943611198906,0.0015934417943906788
Navy Day,battleship,1,0.0011494252873563218,1,1.3862943611198906,0.0015934417943906788
Navy Day,solids,1,0.0011494252873563218,1,1.3862943611198906,0.0015934417943906788
Navy Day,shooting,1,0.0011494252873563218,1,1.3862943611198906,0.0015934417943906788
Navy Day,utilizing,1,0.0011494252873563218,1,1.3862943611198906,0.0015934417943906788
Navy Day,convoys,1,0.0011494252873563218,1,1.3862943611198906,0.0015934417943906788
Navy Day,blanket,1,0.0011494252873563218,1,1.3862943611198906,0.0015934417943906788
Navy Day,pipe,1,0.0011494252873563218,1,1.3862943611198906,0.0015934417943906788
Navy Day,familiar,1,0.0011494252873563218,1,1.3862943611198906,0.0015934417943906788
Navy Day,whooshing,1,0.0011494252873563218,1,1.3862943611198906,0.0015934417943906788
Navy Day,park,1,0.0011494252873563218,1,1.3862943611198906,0.0015934417943906788
Navy Day,taxpayer's,1,0.0011494252873563218,1,1.3862943611198906,0.0015934417943906788
Navy Day,pocketbook,1,0.0011494252873563218,1,1.3862943611198906,0.0015934417943906788
Navy Day,leaden,1,0.0011494252873563218,1,1.3862943611198906,0.0015934417943906788
Navy Day,hearts,1,0.0011494252873563218,1,1.3862943611198906,0.0015934417943906788
Navy Day,justified,1,0.0011494252873563218,1,1.3862943611198906,0.0015934417943906788
Navy Day,wrath,1,0.0011494252873563218,1,1.3862943611198906,0.0015934417943906788
Navy Day,contempt,1,0.0011494252873563218,1,1.3862943611198906,0.0015934417943906788
Navy Day,agnes,1,0.0011494252873563218,1,1.3862943611198906,0.0015934417943906788
Navy Day,fired,1,0.0011494252873563218,1,1.3862943611198906,0.0015934417943906788
Navy Day,imaginations,1,0.0011494252873563218,1,1.3862943611198906,0.0015934417943906788
Navy Day,particularly,1,0.0011494252873563218,1,1.3862943611198906,0.0015934417943906788
Navy Day,reduction,1,0.0011494252873563218,1,1.3862943611198906,0.0015934417943906788
Navy Day,budget,1,0.0011494252873563218,1,1.3862943611198906,0.0015934417943906788
Navy Day,considered,1,0.0011494252873563218,1,1.3862943611198906,0.0015934417943906788
Navy Day,collective,1,0.0011494252873563218,1,1.3862943611198906,0.0015934417943906788
Navy Day,sinker,1,0.0011494252873563218,1,1.3862943611198906,0.0015934417943906788
Navy Day,lumped,1,0.0011494252873563218,1,1.3862943611198906,0.0015934417943906788
Navy Day,casual,1,0.0011494252873563218,1,1.3862943611198906,0.0015934417943906788
Navy Day,heading,1,0.0011494252873563218,1,1.3862943611198906,0.0015934417943906788
Navy Day,lips,1,0.0011494252873563218,1,1.3862943611198906,0.0015934417943906788
Navy Day,representatives,1,0.0011494252873563218,1,1.3862943611198906,0.0015934417943906788
Navy Day,listened,1,0.0011494252873563218,1,1.3862943611198906,0.0015934417943906788
Navy Day,closely,1,0.0011494252873563218,1,1.3862943611198906,0.0015934417943906788
Navy Day,election,1,0.0011494252873563218,1,1.3862943611198906,0.0015934417943906788
Navy Day,curled,1,0.0011494252873563218,1,1.3862943611198906,0.0015934417943906788
Navy Day,appeal,1,0.0011494252873563218,1,1.3862943611198906,0.0015934417943906788
Navy Day,afloat,1,0.0011494252873563218,1,1.3862943611198906,0.0015934417943906788
Navy Day,taxpayer,1,0.0011494252873563218,1,1.3862943611198906,0.0015934417943906788
Navy Day,hard,1,0.0011494252873563218,1,1.3862943611198906,0.0015934417943906788
Navy Day,earned,1,0.0011494252873563218,1,1.3862943611198906,0.0015934417943906788
Navy Day,grated,1,0.0011494252873563218,1,1.3862943611198906,0.0015934417943906788
Navy Day,america's,1,0.0011494252873563218,1,1.3862943611198906,0.0015934417943906788
Navy Day,attacks,1,0.0011494252873563218,1,1.3862943611198906,0.0015934417943906788
Navy Day,coney,1,0.0011494252873563218,1,1.3862943611198906,0.0015934417943906788
Navy Day,torrent,1,0.0011494252873563218,1,1.3862943611198906,0.0015934417943906788
Navy Day,overwhelming,1,0.0011494252873563218,1,1.3862943611198906,0.0015934417943906788
Navy Day,washington,1,0.0011494252873563218,1,1.3862943611198906,0.0015934417943906788
Navy Day,descended,1,0.0011494252873563218,1,1.3862943611198906,0.0015934417943906788
Navy Day,packages,1,0.0011494252873563218,1,1.3862943611198906,0.0015934417943906788
Navy Day,telegrams,1,0.0011494252873563218,1,1.3862943611198906,0.0015934417943906788
Navy Day,mighty,1,0.0011494252873563218,1,1.3862943611198906,0.0015934417943906788
Navy Day,landing,1,0.0011494252873563218,1,1.3862943611198906,0.0015934417943906788
Navy Day,lake,1,0.0011494252873563218,1,1.3862943611198906,0.0015934417943906788
Navy Day,erie,1,0.0011494252873563218,1,1.3862943611198906,0.0015934417943906788
Navy Day,bullman,1,0.0011494252873563218,1,1.3862943611198906,0.0015934417943906788
Navy Day,seagoing,1,0.0011494252873563218,1,1.3862943611198906,0.0015934417943906788
Navy Day,grinning,1,0.0011494252873563218,1,1.3862943611198906,0.0015934417943906788
Navy Day,beachhead,1,0.0011494252873563218,1,1.3862943611198906,0.0015934417943906788
Navy Day,added,1,0.0011494252873563218,1,1.3862943611198906,0.0015934417943906788
Navy Day,ensigns,1,0.0011494252873563218,1,1.3862943611198906,0.0015934417943906788
Navy Day,orders,1,0.0011494252873563218,1,1.3862943611198906,0.0015934417943906788
Navy Day,burn,1,0.0011494252873563218,1,1.3862943611198906,0.0015934417943906788
Navy Day,limericks,1,0.0011494252873563218,1,1.3862943611198906,0.0015934417943906788
Navy Day,newer,1,0.0011494252873563218,1,1.3862943611198906,0.0015934417943906788
Navy Day,daily,1,0.0011494252873563218,1,1.3862943611198906,0.0015934417943906788
Navy Day,photographs,1,0.0011494252873563218,1,1.3862943611198906,0.0015934417943906788
Navy Day,limerick,1,0.0011494252873563218,1,1.3862943611198906,0.0015934417943906788
Navy Day,entire,1,0.0011494252873563218,1,1.3862943611198906,0.0015934417943906788
Navy Day,recipient,1,0.0011494252873563218,1,1.3862943611198906,0.0015934417943906788
Navy Day,deprecatory,1,0.0011494252873563218,1,1.3862943611198906,0.0015934417943906788
Navy Day,vast,1,0.0011494252873563218,1,1.3862943611198906,0.0015934417943906788
Navy Day,quantity,1,0.0011494252873563218,1,1.3862943611198906,0.0015934417943906788
Navy Day,cardboard,1,0.0011494252873563218,1,1.3862943611198906,0.0015934417943906788
Navy Day,scribe,1,0.0011494252873563218,1,1.3862943611198906,0.0015934417943906788
Navy Day,flow,1,0.0011494252873563218,1,1.3862943611198906,0.0015934417943906788
Navy Day,building,1,0.0011494252873563218,1,1.3862943611198906,0.0015934417943906788
Navy Day,buzzing,1,0.0011494252873563218,1,1.3862943611198906,0.0015934417943906788
Navy Day,cards,1,0.0011494252873563218,1,1.3862943611198906,0.0015934417943906788
Navy Day,quailed,1,0.0011494252873563218,1,1.3862943611198906,0.0015934417943906788
Navy Day,piercing,1,0.0011494252873563218,1,1.3862943611198906,0.0015934417943906788
Navy Day,paunchy,1,0.0011494252873563218,1,1.3862943611198906,0.0015934417943906788
Navy Day,heavy,1,0.0011494252873563218,1,1.3862943611198906,0.0015934417943906788
Navy Day,atlantic,1,0.0011494252873563218,1,1.3862943611198906,0.0015934417943906788
Navy Day,biblical,1,0.0011494252873563218,1,1.3862943611198906,0.0015934417943906788
Navy Day,amendment,1,0.0011494252873563218,1,1.3862943611198906,0.0015934417943906788
Navy Day,prophet,1,0.0011494252873563218,1,1.3862943611198906,0.0015934417943906788
Navy Day,thousands,1,0.0011494252873563218,1,1.3862943611198906,0.0015934417943906788
Navy Day,releases,1,0.0011494252873563218,1,1.3862943611198906,0.0015934417943906788
Navy Day,poured,1,0.0011494252873563218,1,1.3862943611198906,0.0015934417943906788
Navy Day,unending,1,0.0011494252873563218,1,1.3862943611198906,0.0015934417943906788
Navy Day,fought,1,0.0011494252873563218,1,1.3862943611198906,0.0015934417943906788
Navy Day,pro,1,0.0011494252873563218,1,1.3862943611198906,0.0015934417943906788
Navy Day,novelty,1,0.0011494252873563218,1,1.3862943611198906,0.0015934417943906788
Navy Day,black,1,0.0011494252873563218,1,1.3862943611198906,0.0015934417943906788
Navy Day,waist,1,0.0011494252873563218,1,1.3862943611198906,0.0015934417943906788
Navy Day,walked,1,0.0011494252873563218,1,1.3862943611198906,0.0015934417943906788
Navy Day,bosom,1,0.0011494252873563218,1,1.3862943611198906,0.0015934417943906788
Navy Day,quiet,1,0.0011494252873563218,1,1.3862943611198906,0.0015934417943906788
Navy Day,island,1,0.0011494252873563218,1,1.3862943611198906,0.0015934417943906788
Navy Day,wore,1,0.0011494252873563218,1,1.3862943611198906,0.0015934417943906788
Navy Day,share,1,0.0011494252873563218,1,1.3862943611198906,0.0015934417943906788
Navy Day,newspapers,1,0.0011494252873563218,1,1.3862943611198906,0.0015934417943906788
Navy Day,ratification,1,0.0011494252873563218,1,1.3862943611198906,0.0015934417943906788
Navy Day,votes,1,0.0011494252873563218,1,1.3862943611198906,0.0015934417943906788
Navy Day,certain,1,0.0011494252873563218,1,1.3862943611198906,0.0015934417943906788
Navy Day,follow,1,0.0011494252873563218,1,1.3862943611198906,0.0015934417943906788
2 B R 0 2 B,just,5,0.005186721991701245,3,0.28768207245178085,0.0014921269318038425
2 B R 0 2 B,want,5,0.005186721991701245,3,0.28768207245178085,0.0014921269318038425
2 B R 0 2 B,planet,5,0.005186721991701245,3,0.28768207245178085,0.0014921269318038425
2 B R 0 2 B,know,5,0.005186721991701245,3,0.28768207245178085,0.0014921269318038425
Keep Out,amazing,1,0.0021141649048625794,2,0.6931471805599453,0.0014654274430442819
Keep Out,killed,1,0.0021141649048625794,2,0.6931471805599453,0.0014654274430442819
Keep Out,months,1,0.0021141649048625794,2,0.6931471805599453,0.0014654274430442819
Keep Out,history,1,0.0021141649048625794,2,0.6931471805599453,0.0014654274430442819
Keep Out,constant,1,0.0021141649048625794,2,0.6931471805599453,0.0014654274430442819
Keep Out,waited,1,0.0021141649048625794,2,0.6931471805599453,0.0014654274430442819
Keep Out,wait,1,0.0021141649048625794,2,0.6931471805599453,0.0014654274430442819
Keep Out,signal,1,0.0021141649048625794,2,0.6931471805599453,0.0014654274430442819
Keep Out,case,1,0.0021141649048625794,2,0.6931471805599453,0.0014654274430442819
Keep Out,choice,1,0.0021141649048625794,2,0.6931471805599453,0.0014654274430442819
Keep Out,i'd,1,0.0021141649048625794,2,0.6931471805599453,0.0014654274430442819
Keep Out,non,1,0.0021141649048625794,2,0.6931471805599453,0.0014654274430442819
Keep Out,plant,1,0.0021141649048625794,2,0.6931471805599453,0.0014654274430442819
Keep Out,plenty,1,0.0021141649048625794,2,0.6931471805599453,0.0014654274430442819
Keep Out,terrestrial,1,0.0021141649048625794,2,0.6931471805599453,0.0014654274430442819
Keep Out,rays,1,0.0021141649048625794,2,0.6931471805599453,0.0014654274430442819
Keep Out,guess,1,0.0021141649048625794,2,0.6931471805599453,0.0014654274430442819
Keep Out,end,1,0.0021141649048625794,2,0.6931471805599453,0.0014654274430442819
Keep Out,radio,1,0.0021141649048625794,2,0.6931471805599453,0.0014654274430442819
Keep Out,important,1,0.0021141649048625794,2,0.6931471805599453,0.0014654274430442819
Keep Out,gone,1,0.0021141649048625794,2,0.6931471805599453,0.0014654274430442819
Keep Out,happy,1,0.0021141649048625794,2,0.6931471805599453,0.0014654274430442819
Keep Out,brilliant,1,0.0021141649048625794,2,0.6931471805599453,0.0014654274430442819
Keep Out,thirty,1,0.0021141649048625794,2,0.6931471805599453,0.0014654274430442819
Keep Out,trying,1,0.0021141649048625794,2,0.6931471805599453,0.0014654274430442819
Keep Out,bring,1,0.0021141649048625794,2,0.6931471805599453,0.0014654274430442819
Keep Out,tanks,1,0.0021141649048625794,2,0.6931471805599453,0.0014654274430442819
Keep Out,tried,1,0.0021141649048625794,2,0.6931471805599453,0.0014654274430442819
Keep Out,lesser,1,0.0021141649048625794,2,0.6931471805599453,0.0014654274430442819
Keep Out,alien,1,0.0021141649048625794,2,0.6931471805599453,0.0014654274430442819
Keep Out,eat,1,0.0021141649048625794,2,0.6931471805599453,0.0014654274430442819
Keep Out,die,1,0.0021141649048625794,2,0.6931471805599453,0.0014654274430442819
Keep Out,zero,1,0.0021141649048625794,2,0.6931471805599453,0.0014654274430442819
Keep Out,nurses,1,0.0021141649048625794,2,0.6931471805599453,0.0014654274430442819
Keep Out,need,1,0.0021141649048625794,2,0.6931471805599453,0.0014654274430442819
Keep Out,spread,1,0.0021141649048625794,2,0.6931471805599453,0.0014654274430442819
Keep Out,shouldered,1,0.0021141649048625794,2,0.6931471805599453,0.0014654274430442819
Keep Out,waiting,1,0.0021141649048625794,2,0.6931471805599453,0.0014654274430442819
Keep Out,content,1,0.0021141649048625794,2,0.6931471805599453,0.0014654274430442819
Keep Out,later,1,0.0021141649048625794,2,0.6931471805599453,0.0014654274430442819
Keep Out,volunteered,1,0.0021141649048625794,2,0.6931471805599453,0.0014654274430442819
Keep Out,similar,1,0.0021141649048625794,2,0.6931471805599453,0.0014654274430442819
Keep Out,given,1,0.0021141649048625794,2,0.6931471805599453,0.0014654274430442819
Keep Out,quite,1,0.0021141649048625794,2,0.6931471805599453,0.0014654274430442819
Keep Out,understand,1,0.0021141649048625794,2,0.6931471805599453,0.0014654274430442819
Keep Out,good,1,0.0021141649048625794,2,0.6931471805599453,0.0014654274430442819
The Eyes Have It,want,2,0.005025125628140704,3,0.28768207245178085,0.0014456385550340746
The Eyes Have It,away,2,0.005025125628140704,3,0.28768207245178085,0.0014456385550340746
The Eyes Have It,hand,2,0.005025125628140704,3,0.28768207245178085,0.0014456385550340746
The Eyes Have It,continued,2,0.005025125628140704,3,0.28768207245178085,0.0014456385550340746
The Eyes Have It,rest,2,0.005025125628140704,3,0.28768207245178085,0.0014456385550340746
The Eyes Have It,matter,2,0.005025125628140704,3,0.28768207245178085,0.0014456385550340746
The Eyes Have It,slowly,2,0.005025125628140704,3,0.28768207245178085,0.0014456385550340746
The Eyes Have It,face,2,0.005025125628140704,3,0.28768207245178085,0.0014456385550340746
The Eyes Have It,taking,2,0.005025125628140704,3,0.28768207245178085,0.0014456385550340746
The Eyes Have It,took,2,0.005025125628140704,3,0.28768207245178085,0.0014456385550340746
2 B R 0 2 B,chief,1,0.001037344398340249,1,1.3862943611198906,0.0014380646899583927
2 B R 0 2 B,sweet,1,0.001037344398340249,1,1.3862943611198906,0.0014380646899583927
2 B R 0 2 B,blindingly,1,0.001037344398340249,1,1.3862943611198906,0.0014380646899583927
2 B R 0 2 B,lovin,1,0.001037344398340249,1,1.3862943611198906,0.0014380646899583927
2 B R 0 2 B,toodle,1,0.001037344398340249,1,1.3862943611198906,0.0014380646899583927
2 B R 0 2 B,imagine,1,0.001037344398340249,1,1.3862943611198906,0.0014380646899583927
2 B R 0 2 B,practically,1,0.001037344398340249,1,1.3862943611198906,0.0014380646899583927
2 B R 0 2 B,real,1,0.001037344398340249,1,1.3862943611198906,0.0014380646899583927
2 B R 0 2 B,muralist,1,0.001037344398340249,1,1.3862943611198906,0.0014380646899583927
2 B R 0 2 B,seal,1,0.001037344398340249,1,1.3862943611198906,0.0014380646899583927
2 B R 0 2 B,kisses,1,0.001037344398340249,1,1.3862943611198906,0.0014380646899583927
2 B R 0 2 B,hospital's,1,0.001037344398340249,1,1.3862943611198906,0.0014380646899583927
2 B R 0 2 B,office,1,0.001037344398340249,1,1.3862943611198906,0.0014380646899583927
2 B R 0 2 B,portraits,1,0.001037344398340249,1,1.3862943611198906,0.0014380646899583927
2 B R 0 2 B,blank,1,0.001037344398340249,1,1.3862943611198906,0.0014380646899583927
2 B R 0 2 B,song,1,0.001037344398340249,1,1.3862943611198906,0.0014380646899583927
2 B R 0 2 B,honey,1,0.001037344398340249,1,1.3862943611198906,0.0014380646899583927
2 B R 0 2 B,here's,1,0.001037344398340249,1,1.3862943611198906,0.0014380646899583927
2 B R 0 2 B,musette,1,0.001037344398340249,1,1.3862943611198906,0.0014380646899583927
2 B R 0 2 B,popular,1,0.001037344398340249,1,1.3862943611198906,0.0014380646899583927
2 B R 0 2 B,singing,1,0.001037344398340249,1,1.3862943611198906,0.0014380646899583927
2 B R 0 2 B,corridor,1,0.001037344398340249,1,1.3862943611198906,0.0014380646899583927
2 B R 0 2 B,sad,1,0.001037344398340249,1,1.3862943611198906,0.0014380646899583927
2 B R 0 2 B,blanks,1,0.001037344398340249,1,1.3862943611198906,0.0014380646899583927
2 B R 0 2 B,depend,1,0.001037344398340249,1,1.3862943611198906,0.0014380646899583927
2 B R 0 2 B,mustaches,1,0.001037344398340249,1,1.3862943611198906,0.0014380646899583927
2 B R 0 2 B,sprouted,1,0.001037344398340249,1,1.3862943611198906,0.0014380646899583927
2 B R 0 2 B,bugs,1,0.001037344398340249,1,1.3862943611198906,0.0014380646899583927
2 B R 0 2 B,sprayed,1,0.001037344398340249,1,1.3862943611198906,0.0014380646899583927
2 B R 0 2 B,seedlings,1,0.001037344398340249,1,1.3862943611198906,0.0014380646899583927
2 B R 0 2 B,planted,1,0.001037344398340249,1,1.3862943611198906,0.0014380646899583927
2 B R 0 2 B,soil,1,0.001037344398340249,1,1.3862943611198906,0.0014380646899583927
2 B R 0 2 B,sickly,1,0.001037344398340249,1,1.3862943611198906,0.0014380646899583927
2 B R 0 2 B,obstetrician,1,0.001037344398340249,1,1.3862943611198906,0.0014380646899583927
2 B R 0 2 B,pulled,1,0.001037344398340249,1,1.3862943611198906,0.0014380646899583927
2 B R 0 2 B,uniforms,1,0.001037344398340249,1,1.3862943611198906,0.0014380646899583927
2 B R 0 2 B,fertilizer,1,0.001037344398340249,1,1.3862943611198906,0.0014380646899583927
2 B R 0 2 B,holland,1,0.001037344398340249,1,1.3862943611198906,0.0014380646899583927
2 B R 0 2 B,burners,1,0.001037344398340249,1,1.3862943611198906,0.0014380646899583927
2 B R 0 2 B,refuse,1,0.001037344398340249,1,1.3862943611198906,0.0014380646899583927
2 B R 0 2 B,leaves,1,0.001037344398340249,1,1.3862943611198906,0.0014380646899583927
2 B R 0 2 B,raked,1,0.001037344398340249,1,1.3862943611198906,0.0014380646899583927
2 B R 0 2 B,water,2,0.002074688796680498,2,0.6931471805599453,0.0014380646899583927
2 B R 0 2 B,light,1,0.001037344398340249,1,1.3862943611198906,0.0014380646899583927
2 B R 0 2 B,weeds,1,0.001037344398340249,1,1.3862943611198906,0.0014380646899583927
2 B R 0 2 B,medallion,1,0.001037344398340249,1,1.3862943611198906,0.0014380646899583927
2 B R 0 2 B,grapes,1,0.001037344398340249,1,1.3862943611198906,0.0014380646899583927
2 B R 0 2 B,color,1,0.001037344398340249,1,1.3862943611198906,0.0014380646899583927
2 B R 0 2 B,cap,1,0.001037344398340249,1,1.3862943611198906,0.0014380646899583927
2 B R 0 2 B,mustache,1,0.001037344398340249,1,1.3862943611198906,0.0014380646899583927
2 B R 0 2 B,unmistakable,1,0.001037344398340249,1,1.3862943611198906,0.0014380646899583927
2 B R 0 2 B,hair,1,0.001037344398340249,1,1.3862943611198906,0.0014380646899583927
2 B R 0 2 B,facial,1,0.001037344398340249,1,1.3862943611198906,0.0014380646899583927
2 B R 0 2 B,turnstile,1,0.001037344398340249,1,1.3862943611198906,0.0014380646899583927
2 B R 0 2 B,perched,1,0.001037344398340249,1,1.3862943611198906,0.0014380646899583927
2 B R 0 2 B,pose,1,0.001037344398340249,1,1.3862943611198906,0.0014380646899583927
2 B R 0 2 B,division,1,0.001037344398340249,1,1.3862943611198906,0.0014380646899583927
2 B R 0 2 B,recruited,1,0.001037344398340249,1,1.3862943611198906,0.0014380646899583927
2 B R 0 2 B,feminine,1,0.001037344398340249,1,1.3862943611198906,0.0014380646899583927
2 B R 0 2 B,lovely,1,0.001037344398340249,1,1.3862943611198906,0.0014380646899583927
2 B R 0 2 B,hostesses,1,0.001037344398340249,1,1.3862943611198906,0.0014380646899583927
2 B R 0 2 B,chamber,2,0.002074688796680498,2,0.6931471805599453,0.0014380646899583927
2 B R 0 2 B,curious,1,0.001037344398340249,1,1.3862943611198906,0.0014380646899583927
2 B R 0 2 B,fact,1,0.001037344398340249,1,1.3862943611198906,0.0014380646899583927
2 B R 0 2 B,dunk,1,0.001037344398340249,1,1.3862943611198906,0.0014380646899583927
2 B R 0 2 B,name's,1,0.001037344398340249,1,1.3862943611198906,0.0014380646899583927
2 B R 0 2 B,eagle,1,0.001037344398340249,1,1.3862943611198906,0.0014380646899583927
2 B R 0 2 B,formidable,1,0.001037344398340249,1,1.3862943611198906,0.0014380646899583927
2 B R 0 2 B,coarse,1,0.001037344398340249,1,1.3862943611198906,0.0014380646899583927
2 B R 0 2 B,silent,1,0.001037344398340249,1,1.3862943611198906,0.0014380646899583927
2 B R 0 2 B,earlier,1,0.001037344398340249,1,1.3862943611198906,0.0014380646899583927
2 B R 0 2 B,mumbled,1,0.001037344398340249,1,1.3862943611198906,0.0014380646899583927
2 B R 0 2 B,overseas,1,0.001037344398340249,1,1.3862943611198906,0.0014380646899583927
2 B R 0 2 B,coat,1,0.001037344398340249,1,1.3862943611198906,0.0014380646899583927
2 B R 0 2 B,peace,1,0.001037344398340249,1,1.3862943611198906,0.0014380646899583927
2 B R 0 2 B,hell,1,0.001037344398340249,1,1.3862943611198906,0.0014380646899583927
2 B R 0 2 B,shook,1,0.001037344398340249,1,1.3862943611198906,0.0014380646899583927
2 B R 0 2 B,rich,1,0.001037344398340249,1,1.3862943611198906,0.0014380646899583927
2 B R 0 2 B,faded,1,0.001037344398340249,1,1.3862943611198906,0.0014380646899583927
2 B R 0 2 B,luminously,1,0.001037344398340249,1,1.3862943611198906,0.0014380646899583927
2 B R 0 2 B,figures,2,0.002074688796680498,2,0.6931471805599453,0.0014380646899583927
2 B R 0 2 B,cares,1,0.001037344398340249,1,1.3862943611198906,0.0014380646899583927
2 B R 0 2 B,imagination,1,0.001037344398340249,1,1.3862943611198906,0.0014380646899583927
2 B R 0 2 B,far,1,0.001037344398340249,1,1.3862943611198906,0.0014380646899583927
2 B R 0 2 B,stretch,1,0.001037344398340249,1,1.3862943611198906,0.0014380646899583927
2 B R 0 2 B,trench,1,0.001037344398340249,1,1.3862943611198906,0.0014380646899583927
2 B R 0 2 B,stockings,1,0.001037344398340249,1,1.3862943611198906,0.0014380646899583927
2 B R 0 2 B,speaking,1,0.001037344398340249,1,1.3862943611198906,0.0014380646899583927
2 B R 0 2 B,spike,1,0.001037344398340249,1,1.3862943611198906,0.0014380646899583927
2 B R 0 2 B,sobriquets,1,0.001037344398340249,1,1.3862943611198906,0.0014380646899583927
2 B R 0 2 B,fanciful,1,0.001037344398340249,1,1.3862943611198906,0.0014380646899583927
2 B R 0 2 B,institution,1,0.001037344398340249,1,1.3862943611198906,0.0014380646899583927
2 B R 0 2 B,naught,1,0.001037344398340249,1,1.3862943611198906,0.0014380646899583927
2 B R 0 2 B,pronounced,1,0.001037344398340249,1,1.3862943611198906,0.0014380646899583927
2 B R 0 2 B,travel,1,0.001037344398340249,1,1.3862943611198906,0.0014380646899583927
2 B R 0 2 B,surely,1,0.001037344398340249,1,1.3862943611198906,0.0014380646899583927
2 B R 0 2 B,war,1,0.001037344398340249,1,1.3862943611198906,0.0014380646899583927
2 B R 0 2 B,plague,1,0.001037344398340249,1,1.3862943611198906,0.0014380646899583927
2 B R 0 2 B,starvation,1,0.001037344398340249,1,1.3862943611198906,0.0014380646899583927
2 B R 0 2 B,paint,1,0.001037344398340249,1,1.3862943611198906,0.0014380646899583927
2 B R 0 2 B,paintbrush,1,0.001037344398340249,1,1.3862943611198906,0.0014380646899583927
2 B R 0 2 B,fall,1,0.001037344398340249,1,1.3862943611198906,0.0014380646899583927
2 B R 0 2 B,demanding,2,0.002074688796680498,2,0.6931471805599453,0.0014380646899583927
2 B R 0 2 B,fruitful,1,0.001037344398340249,1,1.3862943611198906,0.0014380646899583927
2 B R 0 2 B,multiply,1,0.001037344398340249,1,1.3862943611198906,0.0014380646899583927
2 B R 0 2 B,answers,1,0.001037344398340249,1,1.3862943611198906,0.0014380646899583927
2 B R 0 2 B,future,1,0.001037344398340249,1,1.3862943611198906,0.0014380646899583927
2 B R 0 2 B,deepest,1,0.001037344398340249,1,1.3862943611198906,0.0014380646899583927
2 B R 0 2 B,strode,1,0.001037344398340249,1,1.3862943611198906,0.0014380646899583927
2 B R 0 2 B,thank,1,0.001037344398340249,1,1.3862943611198906,0.0014380646899583927
2 B R 0 2 B,spelling,1,0.001037344398340249,1,1.3862943611198906,0.0014380646899583927
2 B R 0 2 B,cancellation,1,0.001037344398340249,1,1.3862943611198906,0.0014380646899583927
2 B R 0 2 B,lack,1,0.001037344398340249,1,1.3862943611198906,0.0014380646899583927
2 B R 0 2 B,obscenity,1,0.001037344398340249,1,1.3862943611198906,0.0014380646899583927
2 B R 0 2 B,expressed,1,0.001037344398340249,1,1.3862943611198906,0.0014380646899583927
2 B R 0 2 B,consideration,1,0.001037344398340249,1,1.3862943611198906,0.0014380646899583927
2 B R 0 2 B,messy,1,0.001037344398340249,1,1.3862943611198906,0.0014380646899583927
2 B R 0 2 B,laughed,1,0.001037344398340249,1,1.3862943611198906,0.0014380646899583927
2 B R 0 2 B,afternoon,1,0.001037344398340249,1,1.3862943611198906,0.0014380646899583927
2 B R 0 2 B,survivors,1,0.001037344398340249,1,1.3862943611198906,0.0014380646899583927
2 B R 0 2 B,tribulations,1,0.001037344398340249,1,1.3862943611198906,0.0014380646899583927
2 B R 0 2 B,concern,1,0.001037344398340249,1,1.3862943611198906,0.0014380646899583927
2 B R 0 2 B,country,1,0.001037344398340249,1,1.3862943611198906,0.0014380646899583927
2 B R 0 2 B,dropcloth,1,0.001037344398340249,1,1.3862943611198906,0.0014380646899583927
2 B R 0 2 B,trick,1,0.001037344398340249,1,1.3862943611198906,0.0014380646899583927
2 B R 0 2 B,finished,1,0.001037344398340249,1,1.3862943611198906,0.0014380646899583927
2 B R 0 2 B,shrugged,1,0.001037344398340249,1,1.3862943611198906,0.0014380646899583927
2 B R 0 2 B,crime,1,0.001037344398340249,1,1.3862943611198906,0.0014380646899583927
2 B R 0 2 B,duck,1,0.001037344398340249,1,1.3862943611198906,0.0014380646899583927
2 B R 0 2 B,smile,2,0.002074688796680498,2,0.6931471805599453,0.0014380646899583927
2 B R 0 2 B,corrected,1,0.001037344398340249,1,1.3862943611198906,0.0014380646899583927
2 B R 0 2 B,forgive,1,0.001037344398340249,1,1.3862943611198906,0.0014380646899583927
2 B R 0 2 B,impression,1,0.001037344398340249,1,1.3862943611198906,0.0014380646899583927
2 B R 0 2 B,gives,1,0.001037344398340249,1,1.3862943611198906,0.0014380646899583927
2 B R 0 2 B,roomy,1,0.001037344398340249,1,1.3862943611198906,0.0014380646899583927
2 B R 0 2 B,whichever,1,0.001037344398340249,1,1.3862943611198906,0.0014380646899583927
2 B R 0 2 B,louser,1,0.001037344398340249,1,1.3862943611198906,0.0014380646899583927
2 B R 0 2 B,studios,1,0.001037344398340249,1,1.3862943611198906,0.0014380646899583927
2 B R 0 2 B,suicide,1,0.001037344398340249,1,1.3862943611198906,0.0014380646899583927
2 B R 0 2 B,ethical,1,0.001037344398340249,1,1.3862943611198906,0.0014380646899583927
2 B R 0 2 B,conversation,1,0.001037344398340249,1,1.3862943611198906,0.0014380646899583927
2 B R 0 2 B,used,1,0.001037344398340249,1,1.3862943611198906,0.0014380646899583927
2 B R 0 2 B,satiric,1,0.001037344398340249,1,1.3862943611198906,0.0014380646899583927
2 B R 0 2 B,makes,1,0.001037344398340249,1,1.3862943611198906,0.0014380646899583927
2 B R 0 2 B,benjamin,1,0.001037344398340249,1,1.3862943611198906,0.0014380646899583927
2 B R 0 2 B,male,1,0.001037344398340249,1,1.3862943611198906,0.0014380646899583927
2 B R 0 2 B,referring,1,0.001037344398340249,1,1.3862943611198906,0.0014380646899583927
2 B R 0 2 B,meant,1,0.001037344398340249,1,1.3862943611198906,0.0014380646899583927
2 B R 0 2 B,faces,2,0.002074688796680498,2,0.6931471805599453,0.0014380646899583927
2 B R 0 2 B,handsome,1,0.001037344398340249,1,1.3862943611198906,0.0014380646899583927
2 B R 0 2 B,sounds,1,0.001037344398340249,1,1.3862943611198906,0.0014380646899583927
2 B R 0 2 B,cannery,1,0.001037344398340249,1,1.3862943611198906,0.0014380646899583927
2 B R 0 2 B,birdland,1,0.001037344398340249,1,1.3862943611198906,0.0014380646899583927
2 B R 0 2 B,automat,1,0.001037344398340249,1,1.3862943611198906,0.0014380646899583927
2 B R 0 2 B,weep,1,0.001037344398340249,1,1.3862943611198906,0.0014380646899583927
2 B R 0 2 B,blendor,1,0.001037344398340249,1,1.3862943611198906,0.0014380646899583927
2 B R 0 2 B,waring,1,0.001037344398340249,1,1.3862943611198906,0.0014380646899583927
2 B R 0 2 B,pierre,1,0.001037344398340249,1,1.3862943611198906,0.0014380646899583927
2 B R 0 2 B,lucky,1,0.001037344398340249,1,1.3862943611198906,0.0014380646899583927
2 B R 0 2 B,quick,1,0.001037344398340249,1,1.3862943611198906,0.0014380646899583927
2 B R 0 2 B,yourselfer,1,0.001037344398340249,1,1.3862943611198906,0.0014380646899583927
2 B R 0 2 B,nose,1,0.001037344398340249,1,1.3862943611198906,0.0014380646899583927
2 B R 0 2 B,thumbed,1,0.001037344398340249,1,1.3862943611198906,0.0014380646899583927
2 B R 0 2 B,worry,1,0.001037344398340249,1,1.3862943611198906,0.0014380646899583927
2 B R 0 2 B,you'll,1,0.001037344398340249,1,1.3862943611198906,0.0014380646899583927
2 B R 0 2 B,pictures,1,0.001037344398340249,1,1.3862943611198906,0.0014380646899583927
2 B R 0 2 B,able,1,0.001037344398340249,1,1.3862943611198906,0.0014380646899583927
2 B R 0 2 B,nice,1,0.001037344398340249,1,1.3862943611198906,0.0014380646899583927
2 B R 0 2 B,foul,1,0.001037344398340249,1,1.3862943611198906,0.0014380646899583927
2 B R 0 2 B,what's,2,0.002074688796680498,2,0.6931471805599453,0.0014380646899583927
2 B R 0 2 B,idea,2,0.002074688796680498,2,0.6931471805599453,0.0014380646899583927
2 B R 0 2 B,daub,1,0.001037344398340249,1,1.3862943611198906,0.0014380646899583927
2 B R 0 2 B,proud,1,0.001037344398340249,1,1.3862943611198906,0.0014380646899583927
2 B R 0 2 B,scorn,1,0.001037344398340249,1,1.3862943611198906,0.0014380646899583927
2 B R 0 2 B,curdled,1,0.001037344398340249,1,1.3862943611198906,0.0014380646899583927
2 B R 0 2 B,gloomy,1,0.001037344398340249,1,1.3862943611198906,0.0014380646899583927
2 B R 0 2 B,honest,1,0.001037344398340249,1,1.3862943611198906,0.0014380646899583927
2 B R 0 2 B,sight,1,0.001037344398340249,1,1.3862943611198906,0.0014380646899583927
2 B R 0 2 B,painter's,1,0.001037344398340249,1,1.3862943611198906,0.0014380646899583927
2 B R 0 2 B,exclaiming,1,0.001037344398340249,1,1.3862943611198906,0.0014380646899583927
2 B R 0 2 B,rooms,1,0.001037344398340249,1,1.3862943611198906,0.0014380646899583927
2 B R 0 2 B,delivery,1,0.001037344398340249,1,1.3862943611198906,0.0014380646899583927
2 B R 0 2 B,scrape,1,0.001037344398340249,1,1.3862943611198906,0.0014380646899583927
2 B R 0 2 B,disposing,1,0.001037344398340249,1,1.3862943611198906,0.0014380646899583927
2 B R 0 2 B,disposal,1,0.001037344398340249,1,1.3862943611198906,0.0014380646899583927
2 B R 0 2 B,burner,1,0.001037344398340249,1,1.3862943611198906,0.0014380646899583927
2 B R 0 2 B,stalks,1,0.001037344398340249,1,1.3862943611198906,0.0014380646899583927
2 B R 0 2 B,dried,1,0.001037344398340249,1,1.3862943611198906,0.0014380646899583927
2 B R 0 2 B,carrying,1,0.001037344398340249,1,1.3862943611198906,0.0014380646899583927
2 B R 0 2 B,figure,2,0.002074688796680498,2,0.6931471805599453,0.0014380646899583927
2 B R 0 2 B,limb,1,0.001037344398340249,1,1.3862943611198906,0.0014380646899583927
2 B R 0 2 B,visibly,1,0.001037344398340249,1,1.3862943611198906,0.0014380646899583927
2 B R 0 2 B,responsible,1,0.001037344398340249,1,1.3862943611198906,0.0014380646899583927
2 B R 0 2 B,zeus,1,0.001037344398340249,1,1.3862943611198906,0.0014380646899583927
2 B R 0 2 B,tall,1,0.001037344398340249,1,1.3862943611198906,0.0014380646899583927
2 B R 0 2 B,seven,1,0.001037344398340249,1,1.3862943611198906,0.0014380646899583927
2 B R 0 2 B,late,1,0.001037344398340249,1,1.3862943611198906,0.0014380646899583927
2 B R 0 2 B,waitingroom,1,0.001037344398340249,1,1.3862943611198906,0.0014380646899583927
2 B R 0 2 B,posing,1,0.001037344398340249,1,1.3862943611198906,0.0014380646899583927
2 B R 0 2 B,leave,1,0.001037344398340249,1,1.3862943611198906,0.0014380646899583927
2 B R 0 2 B,doing,1,0.001037344398340249,1,1.3862943611198906,0.0014380646899583927
2 B R 0 2 B,joy,1,0.001037344398340249,1,1.3862943611198906,0.0014380646899583927
2 B R 0 2 B,accomplishments,1,0.001037344398340249,1,1.3862943611198906,0.0014380646899583927
2 B R 0 2 B,boomed,1,0.001037344398340249,1,1.3862943611198906,0.0014380646899583927
2 B R 0 2 B,setting,1,0.001037344398340249,1,1.3862943611198906,0.0014380646899583927
2 B R 0 2 B,hoarsely,1,0.001037344398340249,1,1.3862943611198906,0.0014380646899583927
2 B R 0 2 B,raised,1,0.001037344398340249,1,1.3862943611198906,0.0014380646899583927
2 B R 0 2 B,simplicity,1,0.001037344398340249,1,1.3862943611198906,0.0014380646899583927
2 B R 0 2 B,free,1,0.001037344398340249,1,1.3862943611198906,0.0014380646899583927
2 B R 0 2 B,symbolize,1,0.001037344398340249,1,1.3862943611198906,0.0014380646899583927
2 B R 0 2 B,emptily,1,0.001037344398340249,1,1.3862943611198906,0.0014380646899583927
2 B R 0 2 B,hooray,1,0.001037344398340249,1,1.3862943611198906,0.0014380646899583927
2 B R 0 2 B,heard,2,0.002074688796680498,2,0.6931471805599453,0.0014380646899583927
2 B R 0 2 B,volunteer,1,0.001037344398340249,1,1.3862943611198906,0.0014380646899583927
2 B R 0 2 B,parents,2,0.002074688796680498,2,0.6931471805599453,0.0014380646899583927
2 B R 0 2 B,frowzy,1,0.001037344398340249,1,1.3862943611198906,0.0014380646899583927
2 B R 0 2 B,eyed,1,0.001037344398340249,1,1.3862943611198906,0.0014380646899583927
2 B R 0 2 B,legal,1,0.001037344398340249,1,1.3862943611198906,0.0014380646899583927
2 B R 0 2 B,somebody,1,0.001037344398340249,1,1.3862943611198906,0.0014380646899583927
2 B R 0 2 B,today,1,0.001037344398340249,1,1.3862943611198906,0.0014380646899583927
2 B R 0 2 B,singles,1,0.001037344398340249,1,1.3862943611198906,0.0014380646899583927
2 B R 0 2 B,appointments,1,0.001037344398340249,1,1.3862943611198906,0.0014380646899583927
2 B R 0 2 B,led,1,0.001037344398340249,1,1.3862943611198906,0.0014380646899583927
2 B R 0 2 B,door,1,0.001037344398340249,1,1.3862943611198906,0.0014380646899583927
2 B R 0 2 B,saluted,1,0.001037344398340249,1,1.3862943611198906,0.0014380646899583927
2 B R 0 2 B,wonderful,1,0.001037344398340249,1,1.3862943611198906,0.0014380646899583927
2 B R 0 2 B,heartily,1,0.001037344398340249,1,1.3862943611198906,0.0014380646899583927
2 B R 0 2 B,shyly,1,0.001037344398340249,1,1.3862943611198906,0.0014380646899583927
2 B R 0 2 B,newborn,1,0.001037344398340249,1,1.3862943611198906,0.0014380646899583927
2 B R 0 2 B,implications,1,0.001037344398340249,1,1.3862943611198906,0.0014380646899583927
2 B R 0 2 B,red,1,0.001037344398340249,1,1.3862943611198906,0.0014380646899583927
2 B R 0 2 B,mournful,1,0.001037344398340249,1,1.3862943611198906,0.0014380646899583927
2 B R 0 2 B,pondered,1,0.001037344398340249,1,1.3862943611198906,0.0014380646899583927
2 B R 0 2 B,scene,1,0.001037344398340249,1,1.3862943611198906,0.0014380646899583927
2 B R 0 2 B,sorry,1,0.001037344398340249,1,1.3862943611198906,0.0014380646899583927
2 B R 0 2 B,reflectively,1,0.001037344398340249,1,1.3862943611198906,0.0014380646899583927
2 B R 0 2 B,shots,1,0.001037344398340249,1,1.3862943611198906,0.0014380646899583927
2 B R 0 2 B,seemingly,1,0.001037344398340249,1,1.3862943611198906,0.0014380646899583927
2 B R 0 2 B,grimmer,1,0.001037344398340249,1,1.3862943611198906,0.0014380646899583927
2 B R 0 2 B,generations,1,0.001037344398340249,1,1.3862943611198906,0.0014380646899583927
2 B R 0 2 B,snipper,1,0.001037344398340249,1,1.3862943611198906,0.0014380646899583927
2 B R 0 2 B,raising,1,0.001037344398340249,1,1.3862943611198906,0.0014380646899583927
2 B R 0 2 B,deal,1,0.001037344398340249,1,1.3862943611198906,0.0014380646899583927
2 B R 0 2 B,omnipotent,1,0.001037344398340249,1,1.3862943611198906,0.0014380646899583927
2 B R 0 2 B,heels,1,0.001037344398340249,1,1.3862943611198906,0.0014380646899583927
2 B R 0 2 B,apple,1,0.001037344398340249,1,1.3862943611198906,0.0014380646899583927
2 B R 0 2 B,grim,1,0.001037344398340249,1,1.3862943611198906,0.0014380646899583927
2 B R 0 2 B,nerve,1,0.001037344398340249,1,1.3862943611198906,0.0014380646899583927
2 B R 0 2 B,shoot,1,0.001037344398340249,1,1.3862943611198906,0.0014380646899583927
2 B R 0 2 B,intending,1,0.001037344398340249,1,1.3862943611198906,0.0014380646899583927
2 B R 0 2 B,pistol,1,0.001037344398340249,1,1.3862943611198906,0.0014380646899583927
2 B R 0 2 B,wehling's,1,0.001037344398340249,1,1.3862943611198906,0.0014380646899583927
2 B R 0 2 B,ladder,1,0.001037344398340249,1,1.3862943611198906,0.0014380646899583927
2 B R 0 2 B,decided,1,0.001037344398340249,1,1.3862943611198906,0.0014380646899583927
2 B R 0 2 B,appointment,1,0.001037344398340249,1,1.3862943611198906,0.0014380646899583927
2 B R 0 2 B,remembered,1,0.001037344398340249,1,1.3862943611198906,0.0014380646899583927
2 B R 0 2 B,bounded,1,0.001037344398340249,1,1.3862943611198906,0.0014380646899583927
2 B R 0 2 B,haired,1,0.001037344398340249,1,1.3862943611198906,0.0014380646899583927
2 B R 0 2 B,tanned,1,0.001037344398340249,1,1.3862943611198906,0.0014380646899583927
2 B R 0 2 B,worshiping,1,0.001037344398340249,1,1.3862943611198906,0.0014380646899583927
2 B R 0 2 B,honor,1,0.001037344398340249,1,1.3862943611198906,0.0014380646899583927
2 B R 0 2 B,demure,1,0.001037344398340249,1,1.3862943611198906,0.0014380646899583927
2 B R 0 2 B,kind,1,0.001037344398340249,1,1.3862943611198906,0.0014380646899583927
2 B R 0 2 B,appropriate,1,0.001037344398340249,1,1.3862943611198906,0.0014380646899583927
2 B R 0 2 B,strikes,1,0.001037344398340249,1,1.3862943611198906,0.0014380646899583927
2 B R 0 2 B,carrier,1,0.001037344398340249,1,1.3862943611198906,0.0014380646899583927
2 B R 0 2 B,sheave,1,0.001037344398340249,1,1.3862943611198906,0.0014380646899583927
2 B R 0 2 B,prove,1,0.001037344398340249,1,1.3862943611198906,0.0014380646899583927
2 B R 0 2 B,delight,1,0.001037344398340249,1,1.3862943611198906,0.0014380646899583927
2 B R 0 2 B,puzzle,1,0.001037344398340249,1,1.3862943611198906,0.0014380646899583927
2 B R 0 2 B,clapped,1,0.001037344398340249,1,1.3862943611198906,0.0014380646899583927
2 B R 0 2 B,pruner,1,0.001037344398340249,1,1.3862943611198906,0.0014380646899583927
2 B R 0 2 B,booth,1,0.001037344398340249,1,1.3862943611198906,0.0014380646899583927
2 B R 0 2 B,wrong,2,0.002074688796680498,2,0.6931471805599453,0.0014380646899583927
2 B R 0 2 B,upsets,1,0.001037344398340249,1,1.3862943611198906,0.0014380646899583927
2 B R 0 2 B,puts,1,0.001037344398340249,1,1.3862943611198906,0.0014380646899583927
2 B R 0 2 B,humble,1,0.001037344398340249,1,1.3862943611198906,0.0014380646899583927
2 B R 0 2 B,blushed,1,0.001037344398340249,1,1.3862943611198906,0.0014380646899583927
2 B R 0 2 B,gosh,1,0.001037344398340249,1,1.3862943611198906,0.0014380646899583927
2 B R 0 2 B,tree,1,0.001037344398340249,1,1.3862943611198906,0.0014380646899583927
2 B R 0 2 B,revolver,1,0.001037344398340249,1,1.3862943611198906,0.0014380646899583927
2 B R 0 2 B,drawn,1,0.001037344398340249,1,1.3862943611198906,0.0014380646899583927
2 B R 0 2 B,hands,2,0.002074688796680498,2,0.6931471805599453,0.0014380646899583927
2 B R 0 2 B,hunched,1,0.001037344398340249,1,1.3862943611198906,0.0014380646899583927
2 B R 0 2 B,ashtrays,1,0.001037344398340249,1,1.3862943611198906,0.0014380646899583927
2 B R 0 2 B,chairs,1,0.001037344398340249,1,1.3862943611198906,0.0014380646899583927
2 B R 0 2 B,demoralized,1,0.001037344398340249,1,1.3862943611198906,0.0014380646899583927
2 B R 0 2 B,disorderly,1,0.001037344398340249,1,1.3862943611198906,0.0014380646899583927
2 B R 0 2 B,perfect,1,0.001037344398340249,1,1.3862943611198906,0.0014380646899583927
2 B R 0 2 B,camouflage,1,0.001037344398340249,1,1.3862943611198906,0.0014380646899583927
2 B R 0 2 B,names,1,0.001037344398340249,1,1.3862943611198906,0.0014380646899583927
2 B R 0 2 B,heaven,1,0.001037344398340249,1,1.3862943611198906,0.0014380646899583927
2 B R 0 2 B,beautiful,1,0.001037344398340249,1,1.3862943611198906,0.0014380646899583927
2 B R 0 2 B,skip,1,0.001037344398340249,1,1.3862943611198906,0.0014380646899583927
2 B R 0 2 B,immortalized,1,0.001037344398340249,1,1.3862943611198906,0.0014380646899583927
2 B R 0 2 B,wretched,1,0.001037344398340249,1,1.3862943611198906,0.0014380646899583927
2 B R 0 2 B,yes,1,0.001037344398340249,1,1.3862943611198906,0.0014380646899583927
2 B R 0 2 B,scanning,1,0.001037344398340249,1,1.3862943611198906,0.0014380646899583927
2 B R 0 2 B,pocket,1,0.001037344398340249,1,1.3862943611198906,0.0014380646899583927
2 B R 0 2 B,smock,1,0.001037344398340249,1,1.3862943611198906,0.0014380646899583927
2 B R 0 2 B,bleakly,1,0.001037344398340249,1,1.3862943611198906,0.0014380646899583927
2 B R 0 2 B,studied,1,0.001037344398340249,1,1.3862943611198906,0.0014380646899583927
2 B R 0 2 B,ones,1,0.001037344398340249,1,1.3862943611198906,0.0014380646899583927
2 B R 0 2 B,stick,1,0.001037344398340249,1,1.3862943611198906,0.0014380646899583927
2 B R 0 2 B,you'd,1,0.001037344398340249,1,1.3862943611198906,0.0014380646899583927
2 B R 0 2 B,recommend,1,0.001037344398340249,1,1.3862943611198906,0.0014380646899583927
2 B R 0 2 B,righty,1,0.001037344398340249,1,1.3862943611198906,0.0014380646899583927
2 B R 0 2 B,body's,1,0.001037344398340249,1,1.3862943611198906,0.0014380646899583927
2 B R 0 2 B,entitled,1,0.001037344398340249,1,1.3862943611198906,0.0014380646899583927
2 B R 0 2 B,loam,1,0.001037344398340249,1,1.3862943611198906,0.0014380646899583927
2 B R 0 2 B,tended,1,0.001037344398340249,1,1.3862943611198906,0.0014380646899583927
2 B R 0 2 B,formal,1,0.001037344398340249,1,1.3862943611198906,0.0014380646899583927
2 B R 0 2 B,japan,1,0.001037344398340249,1,1.3862943611198906,0.0014380646899583927
2 B R 0 2 B,spattered,1,0.001037344398340249,1,1.3862943611198906,0.0014380646899583927
2 B R 0 2 B,paved,1,0.001037344398340249,1,1.3862943611198906,0.0014380646899583927
2 B R 0 2 B,walls,1,0.001037344398340249,1,1.3862943611198906,0.0014380646899583927
2 B R 0 2 B,painting,1,0.001037344398340249,1,1.3862943611198906,0.0014380646899583927
2 B R 0 2 B,sardonic,1,0.001037344398340249,1,1.3862943611198906,0.0014380646899583927
2 B R 0 2 B,aging,2,0.002074688796680498,2,0.6931471805599453,0.0014380646899583927
2 B R 0 2 B,guessed,1,0.001037344398340249,1,1.3862943611198906,0.0014380646899583927
2 B R 0 2 B,dialed,1,0.001037344398340249,1,1.3862943611198906,0.0014380646899583927
2 B R 0 2 B,rumpled,1,0.001037344398340249,1,1.3862943611198906,0.0014380646899583927
2 B R 0 2 B,days,2,0.002074688796680498,2,0.6931471805599453,0.0014380646899583927
2 B R 0 2 B,doctors,1,0.001037344398340249,1,1.3862943611198906,0.0014380646899583927
2 B R 0 2 B,depicted,1,0.001037344398340249,1,1.3862943611198906,0.0014380646899583927
2 B R 0 2 B,cure,1,0.001037344398340249,1,1.3862943611198906,0.0014380646899583927
2 B R 0 2 B,wife,2,0.002074688796680498,2,0.6931471805599453,0.0014380646899583927
2 B R 0 2 B,waited,2,0.002074688796680498,2,0.6931471805599453,0.0014380646899583927
2 B R 0 2 B,revealed,1,0.001037344398340249,1,1.3862943611198906,0.0014380646899583927
2 B R 0 2 B,average,1,0.001037344398340249,1,1.3862943611198906,0.0014380646899583927
2 B R 0 2 B,stripling,1,0.001037344398340249,1,1.3862943611198906,0.0014380646899583927
2 B R 0 2 B,mere,1,0.001037344398340249,1,1.3862943611198906,0.0014380646899583927
2 B R 0 2 B,virtually,1,0.001037344398340249,1,1.3862943611198906,0.0014380646899583927
2 B R 0 2 B,colorless,1,0.001037344398340249,1,1.3862943611198906,0.0014380646899583927
2 B R 0 2 B,aged,1,0.001037344398340249,1,1.3862943611198906,0.0014380646899583927
2 B R 0 2 B,lying,1,0.001037344398340249,1,1.3862943611198906,0.0014380646899583927
2 B R 0 2 B,bright,1,0.001037344398340249,1,1.3862943611198906,0.0014380646899583927
2 B R 0 2 B,souls,1,0.001037344398340249,1,1.3862943611198906,0.0014380646899583927
2 B R 0 2 B,million,1,0.001037344398340249,1,1.3862943611198906,0.0014380646899583927
2 B R 0 2 B,human,2,0.002074688796680498,2,0.6931471805599453,0.0014380646899583927
2 B R 0 2 B,grains,1,0.001037344398340249,1,1.3862943611198906,0.0014380646899583927
2 B R 0 2 B,pulpy,1,0.001037344398340249,1,1.3862943611198906,0.0014380646899583927
2 B R 0 2 B,knobs,1,0.001037344398340249,1,1.3862943611198906,0.0014380646899583927
2 B R 0 2 B,sulkily,1,0.001037344398340249,1,1.3862943611198906,0.0014380646899583927
2 B R 0 2 B,laid,1,0.001037344398340249,1,1.3862943611198906,0.0014380646899583927
2 B R 0 2 B,scientists,1,0.001037344398340249,1,1.3862943611198906,0.0014380646899583927
2 B R 0 2 B,drupelets,1,0.001037344398340249,1,1.3862943611198906,0.0014380646899583927
2 B R 0 2 B,gee,1,0.001037344398340249,1,1.3862943611198906,0.0014380646899583927
2 B R 0 2 B,towered,1,0.001037344398340249,1,1.3862943611198906,0.0014380646899583927
2 B R 0 2 B,severe,1,0.001037344398340249,1,1.3862943611198906,0.0014380646899583927
2 B R 0 2 B,receipt,1,0.001037344398340249,1,1.3862943611198906,0.0014380646899583927
2 B R 0 2 B,maternal,1,0.001037344398340249,1,1.3862943611198906,0.0014380646899583927
2 B R 0 2 B,deliver,1,0.001037344398340249,1,1.3862943611198906,0.0014380646899583927
2 B R 0 2 B,pick,1,0.001037344398340249,1,1.3862943611198906,0.0014380646899583927
2 B R 0 2 B,nope,1,0.001037344398340249,1,1.3862943611198906,0.0014380646899583927
2 B R 0 2 B,eighty,1,0.001037344398340249,1,1.3862943611198906,0.0014380646899583927
2 B R 0 2 B,tautly,1,0.001037344398340249,1,1.3862943611198906,0.0014380646899583927
2 B R 0 2 B,keen,1,0.001037344398340249,1,1.3862943611198906,0.0014380646899583927
2 B R 0 2 B,phoned,1,0.001037344398340249,1,1.3862943611198906,0.0014380646899583927
2 B R 0 2 B,chuckle,1,0.001037344398340249,1,1.3862943611198906,0.0014380646899583927
2 B R 0 2 B,believe,1,0.001037344398340249,1,1.3862943611198906,0.0014380646899583927
2 B R 0 2 B,asylums,1,0.001037344398340249,1,1.3862943611198906,0.0014380646899583927
2 B R 0 2 B,insane,1,0.001037344398340249,1,1.3862943611198906,0.0014380646899583927
2 B R 0 2 B,slums,1,0.001037344398340249,1,1.3862943611198906,0.0014380646899583927
2 B R 0 2 B,prisons,1,0.001037344398340249,1,1.3862943611198906,0.0014380646899583927
2 B R 0 2 B,swell,1,0.001037344398340249,1,1.3862943611198906,0.0014380646899583927
2 B R 0 2 B,perfectly,2,0.002074688796680498,2,0.6931471805599453,0.0014380646899583927
2 B R 0 2 B,conquered,1,0.001037344398340249,1,1.3862943611198906,0.0014380646899583927
2 B R 0 2 B,diseases,1,0.001037344398340249,1,1.3862943611198906,0.0014380646899583927
2 B R 0 2 B,wars,1,0.001037344398340249,1,1.3862943611198906,0.0014380646899583927
2 B R 0 2 B,poverty,1,0.001037344398340249,1,1.3862943611198906,0.0014380646899583927
2 B R 0 2 B,cripples,1,0.001037344398340249,1,1.3862943611198906,0.0014380646899583927
2 B R 0 2 B,stabilized,1,0.001037344398340249,1,1.3862943611198906,0.0014380646899583927
2 B R 0 2 B,barring,1,0.001037344398340249,1,1.3862943611198906,0.0014380646899583927
2 B R 0 2 B,reproduce,1,0.001037344398340249,1,1.3862943611198906,0.0014380646899583927
2 B R 0 2 B,insisted,1,0.001037344398340249,1,1.3862943611198906,0.0014380646899583927
2 B R 0 2 B,weed,1,0.001037344398340249,1,1.3862943611198906,0.0014380646899583927
2 B R 0 2 B,drinking,1,0.001037344398340249,1,1.3862943611198906,0.0014380646899583927
2 B R 0 2 B,sympathetically,1,0.001037344398340249,1,1.3862943611198906,0.0014380646899583927
2 B R 0 2 B,gently,1,0.001037344398340249,1,1.3862943611198906,0.0014380646899583927
2 B R 0 2 B,relative,1,0.001037344398340249,1,1.3862943611198906,0.0014380646899583927
2 B R 0 2 B,nobody's,1,0.001037344398340249,1,1.3862943611198906,0.0014380646899583927
2 B R 0 2 B,quietly,1,0.001037344398340249,1,1.3862943611198906,0.0014380646899583927
2 B R 0 2 B,kids,1,0.001037344398340249,1,1.3862943611198906,0.0014380646899583927
2 B R 0 2 B,adventure,1,0.001037344398340249,1,1.3862943611198906,0.0014380646899583927
2 B R 0 2 B,accidents,1,0.001037344398340249,1,1.3862943611198906,0.0014380646899583927
2 B R 0 2 B,jackrabbits,1,0.001037344398340249,1,1.3862943611198906,0.0014380646899583927
Navy Day,line,4,0.004597701149425287,3,0.28768207245178085,0.0013226761951806016
Keep Out,living,2,0.004228329809725159,3,0.28768207245178085,0.0012164146826713778
Keep Out,know,2,0.004228329809725159,3,0.28768207245178085,0.0012164146826713778
Keep Out,course,2,0.004228329809725159,3,0.28768207245178085,0.0012164146826713778
Keep Out,ago,2,0.004228329809725159,3,0.28768207245178085,0.0012164146826713778
Keep Out,want,2,0.004228329809725159,3,0.28768207245178085,0.0012164146826713778
Keep Out,easy,2,0.004228329809725159,3,0.28768207245178085,0.0012164146826713778
2 B R 0 2 B,called,4,0.004149377593360996,3,0.28768207245178085,0.001193701545443074
2 B R 0 2 B,gave,4,0.004149377593360996,3,0.28768207245178085,0.001193701545443074
Navy Day,turned,3,0.0034482758620689655,3,0.28768207245178085,0.0009920071463854511
2 B R 0 2 B,white,3,0.0031120331950207467,3,0.28768207245178085,0.0008952761590823055
2 B R 0 2 B,moved,3,0.0031120331950207467,3,0.28768207245178085,0.0008952761590823055
Navy Day,running,1,0.0011494252873563218,2,0.6931471805599453,0.0007967208971953394
Navy Day,months,1,0.0011494252873563218,2,0.6931471805599453,0.0007967208971953394
Navy Day,telephone,1,0.0011494252873563218,2,0.6931471805599453,0.0007967208971953394
Navy Day,chamber,1,0.0011494252873563218,2,0.6931471805599453,0.0007967208971953394
Navy Day,damn,1,0.0011494252873563218,2,0.6931471805599453,0.0007967208971953394
Navy Day,aging,1,0.0011494252873563218,2,0.6931471805599453,0.0007967208971953394
Navy Day,faces,1,0.0011494252873563218,2,0.6931471805599453,0.0007967208971953394
Navy Day,place,1,0.0011494252873563218,2,0.6931471805599453,0.0007967208971953394
Navy Day,figures,1,0.0011494252873563218,2,0.6931471805599453,0.0007967208971953394
Navy Day,heard,1,0.0011494252873563218,2,0.6931471805599453,0.0007967208971953394
Navy Day,stare,1,0.0011494252873563218,2,0.6931471805599453,0.0007967208971953394
Navy Day,tossed,1,0.0011494252873563218,2,0.6931471805599453,0.0007967208971953394
Navy Day,allowed,1,0.0011494252873563218,2,0.6931471805599453,0.0007967208971953394
Navy Day,doubt,1,0.0011494252873563218,2,0.6931471805599453,0.0007967208971953394
Navy Day,history,1,0.0011494252873563218,2,0.6931471805599453,0.0007967208971953394
Navy Day,staff,1,0.0011494252873563218,2,0.6931471805599453,0.0007967208971953394
Navy Day,packed,1,0.0011494252873563218,2,0.6931471805599453,0.0007967208971953394
Navy Day,memorial,1,0.0011494252873563218,2,0.6931471805599453,0.0007967208971953394
Navy Day,government,1,0.0011494252873563218,2,0.6931471805599453,0.0007967208971953394
Navy Day,branch,1,0.0011494252873563218,2,0.6931471805599453,0.0007967208971953394
Navy Day,small,1,0.0011494252873563218,2,0.6931471805599453,0.0007967208971953394
Navy Day,mean,1,0.0011494252873563218,2,0.6931471805599453,0.0007967208971953394
Navy Day,hear,1,0.0011494252873563218,2,0.6931471805599453,0.0007967208971953394
Navy Day,house,1,0.0011494252873563218,2,0.6931471805599453,0.0007967208971953394
Navy Day,carried,1,0.0011494252873563218,2,0.6931471805599453,0.0007967208971953394
Navy Day,little,1,0.0011494252873563218,2,0.6931471805599453,0.0007967208971953394
Navy Day,bring,1,0.0011494252873563218,2,0.6931471805599453,0.0007967208971953394
Navy Day,turning,1,0.0011494252873563218,2,0.6931471805599453,0.0007967208971953394
Navy Day,figure,1,0.0011494252873563218,2,0.6931471805599453,0.0007967208971953394
Navy Day,ask,1,0.0011494252873563218,2,0.6931471805599453,0.0007967208971953394
Navy Day,fellow,1,0.0011494252873563218,2,0.6931471805599453,0.0007967208971953394
Navy Day,mind,1,0.0011494252873563218,2,0.6931471805599453,0.0007967208971953394
Navy Day,nourishment,1,0.0011494252873563218,2,0.6931471805599453,0.0007967208971953394
Navy Day,gravy,1,0.0011494252873563218,2,0.6931471805599453,0.0007967208971953394
Navy Day,mess,1,0.0011494252873563218,2,0.6931471805599453,0.0007967208971953394
Navy Day,mock,1,0.0011494252873563218,2,0.6931471805599453,0.0007967208971953394
Navy Day,making,1,0.0011494252873563218,2,0.6931471805599453,0.0007967208971953394
Navy Day,middle,1,0.0011494252873563218,2,0.6931471805599453,0.0007967208971953394
Navy Day,eyes,1,0.0011494252873563218,2,0.6931471805599453,0.0007967208971953394
Navy Day,need,1,0.0011494252873563218,2,0.6931471805599453,0.0007967208971953394
Navy Day,medieval,1,0.0011494252873563218,2,0.6931471805599453,0.0007967208971953394
Navy Day,billion,1,0.0011494252873563218,2,0.6931471805599453,0.0007967208971953394
Navy Day,teeth,1,0.0011494252873563218,2,0.6931471805599453,0.0007967208971953394
Navy Day,joke,1,0.0011494252873563218,2,0.6931471805599453,0.0007967208971953394
Navy Day,big,1,0.0011494252873563218,2,0.6931471805599453,0.0007967208971953394
Navy Day,working,1,0.0011494252873563218,2,0.6931471805599453,0.0007967208971953394
Navy Day,days,1,0.0011494252873563218,2,0.6931471805599453,0.0007967208971953394
Navy Day,transparent,1,0.0011494252873563218,2,0.6931471805599453,0.0007967208971953394
Navy Day,demanding,1,0.0011494252873563218,2,0.6931471805599453,0.0007967208971953394
Navy Day,mixed,1,0.0011494252873563218,2,0.6931471805599453,0.0007967208971953394
Navy Day,brow,1,0.0011494252873563218,2,0.6931471805599453,0.0007967208971953394
Navy Day,official,1,0.0011494252873563218,2,0.6931471805599453,0.0007967208971953394
Navy Day,passage,1,0.0011494252873563218,2,0.6931471805599453,0.0007967208971953394
Navy Day,point,1,0.0011494252873563218,2,0.6931471805599453,0.0007967208971953394
Navy Day,simple,1,0.0011494252873563218,2,0.6931471805599453,0.0007967208971953394
Navy Day,brilliant,1,0.0011494252873563218,2,0.6931471805599453,0.0007967208971953394
Navy Day,pointed,1,0.0011494252873563218,2,0.6931471805599453,0.0007967208971953394
Navy Day,constant,1,0.0011494252873563218,2,0.6931471805599453,0.0007967208971953394
Navy Day,slow,1,0.0011494252873563218,2,0.6931471805599453,0.0007967208971953394
Navy Day,shall,1,0.0011494252873563218,2,0.6931471805599453,0.0007967208971953394
Navy Day,tomorrow,1,0.0011494252873563218,2,0.6931471805599453,0.0007967208971953394
Navy Day,signal,1,0.0011494252873563218,2,0.6931471805599453,0.0007967208971953394
Navy Day,neat,1,0.0011494252873563218,2,0.6931471805599453,0.0007967208971953394
Navy Day,included,1,0.0011494252873563218,2,0.6931471805599453,0.0007967208971953394
Navy Day,judgment,1,0.0011494252873563218,2,0.6931471805599453,0.0007967208971953394
Navy Day,smiled,1,0.0011494252873563218,2,0.6931471805599453,0.0007967208971953394
Navy Day,sound,1,0.0011494252873563218,2,0.6931471805599453,0.0007967208971953394
Navy Day,floor,1,0.0011494252873563218,2,0.6931471805599453,0.0007967208971953394
Navy Day,calmly,1,0.0011494252873563218,2,0.6931471805599453,0.0007967208971953394
Navy Day,touched,1,0.0011494252873563218,2,0.6931471805599453,0.0007967208971953394
Navy Day,city,1,0.0011494252873563218,2,0.6931471805599453,0.0007967208971953394
Navy Day,master,1,0.0011494252873563218,2,0.6931471805599453,0.0007967208971953394
Navy Day,developed,1,0.0011494252873563218,2,0.6931471805599453,0.0007967208971953394
Navy Day,cut,1,0.0011494252873563218,2,0.6931471805599453,0.0007967208971953394
Navy Day,number,1,0.0011494252873563218,2,0.6931471805599453,0.0007967208971953394
Navy Day,amazing,1,0.0011494252873563218,2,0.6931471805599453,0.0007967208971953394
Navy Day,forth,1,0.0011494252873563218,2,0.6931471805599453,0.0007967208971953394
Navy Day,sink,1,0.0011494252873563218,2,0.6931471805599453,0.0007967208971953394
Navy Day,strange,1,0.0011494252873563218,2,0.6931471805599453,0.0007967208971953394
Navy Day,arms,1,0.0011494252873563218,2,0.6931471805599453,0.0007967208971953394
Navy Day,present,1,0.0011494252873563218,2,0.6931471805599453,0.0007967208971953394
Navy Day,shouldered,1,0.0011494252873563218,2,0.6931471805599453,0.0007967208971953394
Navy Day,half,1,0.0011494252873563218,2,0.6931471805599453,0.0007967208971953394
Navy Day,lower,1,0.0011494252873563218,2,0.6931471805599453,0.0007967208971953394
Navy Day,idea,1,0.0011494252873563218,2,0.6931471805599453,0.0007967208971953394
The Eyes Have It,discovered,1,0.002512562814070352,3,0.28768207245178085,0.0007228192775170373
The Eyes Have It,easy,1,0.002512562814070352,3,0.28768207245178085,0.0007228192775170373
The Eyes Have It,known,1,0.002512562814070352,3,0.28768207245178085,0.0007228192775170373
The Eyes Have It,sitting,1,0.002512562814070352,3,0.28768207245178085,0.0007228192775170373
The Eyes Have It,planet,1,0.002512562814070352,3,0.28768207245178085,0.0007228192775170373
The Eyes Have It,turned,1,0.002512562814070352,3,0.28768207245178085,0.0007228192775170373
The Eyes Have It,children,1,0.002512562814070352,3,0.28768207245178085,0.0007228192775170373
The Eyes Have It,got,1,0.002512562814070352,3,0.28768207245178085,0.0007228192775170373
The Eyes Have It,gave,1,0.002512562814070352,3,0.28768207245178085,0.0007228192775170373
The Eyes Have It,indicated,1,0.002512562814070352,3,0.28768207245178085,0.0007228192775170373
The Eyes Have It,way,1,0.002512562814070352,3,0.28768207245178085,0.0007228192775170373
The Eyes Have It,young,1,0.002512562814070352,3,0.28768207245178085,0.0007228192775170373
The Eyes Have It,feet,1,0.002512562814070352,3,0.28768207245178085,0.0007228192775170373
The Eyes Have It,just,1,0.002512562814070352,3,0.28768207245178085,0.0007228192775170373
The Eyes Have It,moved,1,0.002512562814070352,3,0.28768207245178085,0.0007228192775170373
The Eyes Have It,breath,1,0.002512562814070352,3,0.28768207245178085,0.0007228192775170373
The Eyes Have It,living,1,0.002512562814070352,3,0.28768207245178085,0.0007228192775170373
The Eyes Have It,final,1,0.002512562814070352,3,0.28768207245178085,0.0007228192775170373
The Eyes Have It,soon,1,0.002512562814070352,3,0.28768207245178085,0.0007228192775170373
The Eyes Have It,surface,1,0.002512562814070352,3,0.28768207245178085,0.0007228192775170373
The Eyes Have It,line,1,0.002512562814070352,3,0.28768207245178085,0.0007228192775170373
The Eyes Have It,know,1,0.002512562814070352,3,0.28768207245178085,0.0007228192775170373
The Eyes Have It,standing,1,0.002512562814070352,3,0.28768207245178085,0.0007228192775170373
2 B R 0 2 B,floor,1,0.001037344398340249,2,0.6931471805599453,0.0007190323449791963
2 B R 0 2 B,memorial,1,0.001037344398340249,2,0.6931471805599453,0.0007190323449791963
2 B R 0 2 B,volunteered,1,0.001037344398340249,2,0.6931471805599453,0.0007190323449791963
2 B R 0 2 B,thirty,1,0.001037344398340249,2,0.6931471805599453,0.0007190323449791963
2 B R 0 2 B,cut,1,0.001037344398340249,2,0.6931471805599453,0.0007190323449791963
2 B R 0 2 B,working,1,0.001037344398340249,2,0.6931471805599453,0.0007190323449791963
2 B R 0 2 B,nurses,1,0.001037344398340249,2,0.6931471805599453,0.0007190323449791963
2 B R 0 2 B,spread,1,0.001037344398340249,2,0.6931471805599453,0.0007190323449791963
2 B R 0 2 B,small,1,0.001037344398340249,2,0.6931471805599453,0.0007190323449791963
2 B R 0 2 B,pointed,1,0.001037344398340249,2,0.6931471805599453,0.0007190323449791963
2 B R 0 2 B,branch,1,0.001037344398340249,2,0.6931471805599453,0.0007190323449791963
2 B R 0 2 B,stepped,1,0.001037344398340249,2,0.6931471805599453,0.0007190323449791963
2 B R 0 2 B,stare,1,0.001037344398340249,2,0.6931471805599453,0.0007190323449791963
2 B R 0 2 B,packed,1,0.001037344398340249,2,0.6931471805599453,0.0007190323449791963
2 B R 0 2 B,medieval,1,0.001037344398340249,2,0.6931471805599453,0.0007190323449791963
2 B R 0 2 B,carried,1,0.001037344398340249,2,0.6931471805599453,0.0007190323449791963
2 B R 0 2 B,plants,1,0.001037344398340249,2,0.6931471805599453,0.0007190323449791963
2 B R 0 2 B,sea,1,0.001037344398340249,2,0.6931471805599453,0.0007190323449791963
2 B R 0 2 B,eat,1,0.001037344398340249,2,0.6931471805599453,0.0007190323449791963
2 B R 0 2 B,beings,1,0.001037344398340249,2,0.6931471805599453,0.0007190323449791963
2 B R 0 2 B,touched,1,0.001037344398340249,2,0.6931471805599453,0.0007190323449791963
2 B R 0 2 B,plenty,1,0.001037344398340249,2,0.6931471805599453,0.0007190323449791963
2 B R 0 2 B,official,1,0.001037344398340249,2,0.6931471805599453,0.0007190323449791963
2 B R 0 2 B,close,1,0.001037344398340249,2,0.6931471805599453,0.0007190323449791963
2 B R 0 2 B,absolutely,1,0.001037344398340249,2,0.6931471805599453,0.0007190323449791963
2 B R 0 2 B,choice,1,0.001037344398340249,2,0.6931471805599453,0.0007190323449791963
2 B R 0 2 B,master,1,0.001037344398340249,2,0.6931471805599453,0.0007190323449791963
2 B R 0 2 B,neat,1,0.001037344398340249,2,0.6931471805599453,0.0007190323449791963
2 B R 0 2 B,birth,1,0.001037344398340249,2,0.6931471805599453,0.0007190323449791963
2 B R 0 2 B,rays,1,0.001037344398340249,2,0.6931471805599453,0.0007190323449791963
2 B R 0 2 B,chair,1,0.001037344398340249,2,0.6931471805599453,0.0007190323449791963
2 B R 0 2 B,plant,1,0.001037344398340249,2,0.6931471805599453,0.0007190323449791963
2 B R 0 2 B,mock,1,0.001037344398340249,2,0.6931471805599453,0.0007190323449791963
2 B R 0 2 B,killed,1,0.001037344398340249,2,0.6931471805599453,0.0007190323449791963
2 B R 0 2 B,comfortable,1,0.001037344398340249,2,0.6931471805599453,0.0007190323449791963
2 B R 0 2 B,gravy,1,0.001037344398340249,2,0.6931471805599453,0.0007190323449791963
2 B R 0 2 B,states,1,0.001037344398340249,2,0.6931471805599453,0.0007190323449791963
2 B R 0 2 B,joke,1,0.001037344398340249,2,0.6931471805599453,0.0007190323449791963
2 B R 0 2 B,importance,1,0.001037344398340249,2,0.6931471805599453,0.0007190323449791963
2 B R 0 2 B,mean,1,0.001037344398340249,2,0.6931471805599453,0.0007190323449791963
2 B R 0 2 B,united,1,0.001037344398340249,2,0.6931471805599453,0.0007190323449791963
2 B R 0 2 B,trying,1,0.001037344398340249,2,0.6931471805599453,0.0007190323449791963
2 B R 0 2 B,present,1,0.001037344398340249,2,0.6931471805599453,0.0007190323449791963
2 B R 0 2 B,sound,1,0.001037344398340249,2,0.6931471805599453,0.0007190323449791963
2 B R 0 2 B,care,1,0.001037344398340249,2,0.6931471805599453,0.0007190323449791963
2 B R 0 2 B,morning,1,0.001037344398340249,2,0.6931471805599453,0.0007190323449791963
2 B R 0 2 B,survive,1,0.001037344398340249,2,0.6931471805599453,0.0007190323449791963
2 B R 0 2 B,guess,1,0.001037344398340249,2,0.6931471805599453,0.0007190323449791963
2 B R 0 2 B,running,1,0.001037344398340249,2,0.6931471805599453,0.0007190323449791963
2 B R 0 2 B,long,1,0.001037344398340249,2,0.6931471805599453,0.0007190323449791963
2 B R 0 2 B,big,1,0.001037344398340249,2,0.6931471805599453,0.0007190323449791963
2 B R 0 2 B,making,1,0.001037344398340249,2,0.6931471805599453,0.0007190323449791963
2 B R 0 2 B,smiled,1,0.001037344398340249,2,0.6931471805599453,0.0007190323449791963
2 B R 0 2 B,space,1,0.001037344398340249,2,0.6931471805599453,0.0007190323449791963
2 B R 0 2 B,place,1,0.001037344398340249,2,0.6931471805599453,0.0007190323449791963
2 B R 0 2 B,middle,1,0.001037344398340249,2,0.6931471805599453,0.0007190323449791963
2 B R 0 2 B,girl,1,0.001037344398340249,2,0.6931471805599453,0.0007190323449791963
2 B R 0 2 B,judgment,1,0.001037344398340249,2,0.6931471805599453,0.0007190323449791963
2 B R 0 2 B,filled,1,0.001037344398340249,2,0.6931471805599453,0.0007190323449791963
2 B R 0 2 B,important,1,0.001037344398340249,2,0.6931471805599453,0.0007190323449791963
2 B R 0 2 B,staff,1,0.001037344398340249,2,0.6931471805599453,0.0007190323449791963
2 B R 0 2 B,nourishment,1,0.001037344398340249,2,0.6931471805599453,0.0007190323449791963
2 B R 0 2 B,ask,1,0.001037344398340249,2,0.6931471805599453,0.0007190323449791963
2 B R 0 2 B,zero,1,0.001037344398340249,2,0.6931471805599453,0.0007190323449791963
2 B R 0 2 B,included,1,0.001037344398340249,2,0.6931471805599453,0.0007190323449791963
2 B R 0 2 B,frame,1,0.001037344398340249,2,0.6931471805599453,0.0007190323449791963
2 B R 0 2 B,damn,1,0.001037344398340249,2,0.6931471805599453,0.0007190323449791963
2 B R 0 2 B,corner,1,0.001037344398340249,2,0.6931471805599453,0.0007190323449791963
2 B R 0 2 B,warm,1,0.001037344398340249,2,0.6931471805599453,0.0007190323449791963
2 B R 0 2 B,carefully,1,0.001037344398340249,2,0.6931471805599453,0.0007190323449791963
2 B R 0 2 B,probably,1,0.001037344398340249,2,0.6931471805599453,0.0007190323449791963
2 B R 0 2 B,city,1,0.001037344398340249,2,0.6931471805599453,0.0007190323449791963
2 B R 0 2 B,mess,1,0.001037344398340249,2,0.6931471805599453,0.0007190323449791963
Navy Day,moved,2,0.0022988505747126436,3,0.28768207245178085,0.0006613380975903008
Navy Day,final,2,0.0022988505747126436,3,0.28768207245178085,0.0006613380975903008
Navy Day,make,2,0.0022988505747126436,3,0.28768207245178085,0.0006613380975903008
Navy Day,course,2,0.0022988505747126436,3,0.28768207245178085,0.0006613380975903008
Navy Day,use,2,0.0022988505747126436,3,0.28768207245178085,0.0006613380975903008
Navy Day,people,2,0.0022988505747126436,3,0.28768207245178085,0.0006613380975903008
Navy Day,called,2,0.0022988505747126436,3,0.28768207245178085,0.0006613380975903008
Navy Day,slowly,2,0.0022988505747126436,3,0.28768207245178085,0.0006613380975903008
Navy Day,feet,2,0.0022988505747126436,3,0.28768207245178085,0.0006613380975903008
Keep Out,named,1,0.0021141649048625794,3,0.28768207245178085,0.0006082073413356889
Keep Out,people,1,0.0021141649048625794,3,0.28768207245178085,0.0006082073413356889
Keep Out,gave,1,0.0021141649048625794,3,0.28768207245178085,0.0006082073413356889
Keep Out,discovered,1,0.0021141649048625794,3,0.28768207245178085,0.0006082073413356889
Keep Out,way,1,0.0021141649048625794,3,0.28768207245178085,0.0006082073413356889
Keep Out,sure,1,0.0021141649048625794,3,0.28768207245178085,0.0006082073413356889
Keep Out,voice,1,0.0021141649048625794,3,0.28768207245178085,0.0006082073413356889
Keep Out,just,1,0.0021141649048625794,3,0.28768207245178085,0.0006082073413356889
Keep Out,young,1,0.0021141649048625794,3,0.28768207245178085,0.0006082073413356889
Keep Out,white,1,0.0021141649048625794,3,0.28768207245178085,0.0006082073413356889
Keep Out,year,1,0.0021141649048625794,3,0.28768207245178085,0.0006082073413356889
Keep Out,known,1,0.0021141649048625794,3,0.28768207245178085,0.0006082073413356889
Keep Out,away,1,0.0021141649048625794,3,0.28768207245178085,0.0006082073413356889
Keep Out,make,1,0.0021141649048625794,3,0.28768207245178085,0.0006082073413356889
Keep Out,use,1,0.0021141649048625794,3,0.28768207245178085,0.0006082073413356889
Keep Out,rest,1,0.0021141649048625794,3,0.28768207245178085,0.0006082073413356889
Keep Out,got,1,0.0021141649048625794,3,0.28768207245178085,0.0006082073413356889
Keep Out,called,1,0.0021141649048625794,3,0.28768207245178085,0.0006082073413356889
2 B R 0 2 B,easy,2,0.002074688796680498,3,0.28768207245178085,0.000596850772721537
2 B R 0 2 B,make,2,0.002074688796680498,3,0.28768207245178085,0.000596850772721537
2 B R 0 2 B,breath,2,0.002074688796680498,3,0.28768207245178085,0.000596850772721537
2 B R 0 2 B,sure,2,0.002074688796680498,3,0.28768207245178085,0.000596850772721537
2 B R 0 2 B,got,2,0.002074688796680498,3,0.28768207245178085,0.000596850772721537
2 B R 0 2 B,course,2,0.002074688796680498,3,0.28768207245178085,0.000596850772721537
2 B R 0 2 B,children,2,0.002074688796680498,3,0.28768207245178085,0.000596850772721537
2 B R 0 2 B,young,2,0.002074688796680498,3,0.28768207245178085,0.000596850772721537
2 B R 0 2 B,took,2,0.002074688796680498,3,0.28768207245178085,0.000596850772721537
2 B R 0 2 B,hand,2,0.002074688796680498,3,0.28768207245178085,0.000596850772721537
Navy Day,named,1,0.0011494252873563218,3,0.28768207245178085,0.0003306690487951504
Navy Day,continued,1,0.0011494252873563218,3,0.28768207245178085,0.0003306690487951504
Navy Day,sure,1,0.0011494252873563218,3,0.28768207245178085,0.0003306690487951504
Navy Day,hand,1,0.0011494252873563218,3,0.28768207245178085,0.0003306690487951504
Navy Day,voice,1,0.0011494252873563218,3,0.28768207245178085,0.0003306690487951504
Navy Day,matter,1,0.0011494252873563218,3,0.28768207245178085,0.0003306690487951504
Navy Day,year,1,0.0011494252873563218,3,0.28768207245178085,0.0003306690487951504
Navy Day,took,1,0.0011494252873563218,3,0.28768207245178085,0.0003306690487951504
Navy Day,known,1,0.0011494252873563218,3,0.28768207245178085,0.0003306690487951504
Navy Day,white,1,0.0011494252873563218,3,0.28768207245178085,0.0003306690487951504
Navy Day,indicated,1,0.0011494252873563218,3,0.28768207245178085,0.0003306690487951504
Navy Day,sitting,1,0.0011494252873563218,3,0.28768207245178085,0.0003306690487951504
Navy Day,taking,1,0.0011494252873563218,3,0.28768207245178085,0.0003306690487951504
Navy Day,breath,1,0.0011494252873563218,3,0.28768207245178085,0.0003306690487951504
Navy Day,soon,1,0.0011494252873563218,3,0.28768207245178085,0.0003306690487951504
Navy Day,ago,1,0.0011494252873563218,3,0.28768207245178085,0.0003306690487951504
Navy Day,face,1,0.0011494252873563218,3,0.28768207245178085,0.0003306690487951504
Navy Day,rest,1,0.0011494252873563218,3,0.28768207245178085,0.0003306690487951504
Navy Day,discovered,1,0.0011494252873563218,3,0.28768207245178085,0.0003306690487951504
Navy Day,standing,1,0.0011494252873563218,3,0.28768207245178085,0.0003306690487951504
2 B R 0 2 B,soon,1,0.001037344398340249,3,0.28768207245178085,0.0002984253863607685
2 B R 0 2 B,voice,1,0.001037344398340249,3,0.28768207245178085,0.0002984253863607685
2 B R 0 2 B,way,1,0.001037344398340249,3,0.28768207245178085,0.0002984253863607685
2 B R 0 2 B,face,1,0.001037344398340249,3,0.28768207245178085,0.0002984253863607685
2 B R 0 2 B,use,1,0.001037344398340249,3,0.28768207245178085,0.0002984253863607685
2 B R 0 2 B,surface,1,0.001037344398340249,3,0.28768207245178085,0.0002984253863607685
2 B R 0 2 B,living,1,0.001037344398340249,3,0.28768207245178085,0.0002984253863607685
2 B R 0 2 B,named,1,0.001037344398340249,3,0.28768207245178085,0.0002984253863607685
2 B R 0 2 B,feet,1,0.001037344398340249,3,0.28768207245178085,0.0002984253863607685
2 B R 0 2 B,indicated,1,0.001037344398340249,3,0.28768207245178085,0.0002984253863607685
2 B R 0 2 B,line,1,0.001037344398340249,3,0.28768207245178085,0.0002984253863607685
2 B R 0 2 B,sitting,1,0.001037344398340249,3,0.28768207245178085,0.0002984253863607685
2 B R 0 2 B,standing,1,0.001037344398340249,3,0.28768207245178085,0.0002984253863607685
2 B R 0 2 B,earth,1,0.001037344398340249,3,0.28768207245178085,0.0002984253863607685
2 B R 0 2 B,ago,1,0.001037344398340249,3,0.28768207245178085,0.0002984253863607685
2 B R 0 2 B,slowly,1,0.001037344398340249,3,0.28768207245178085,0.0002984253863607685
2 B R 0 2 B,matter,1,0.001037344398340249,3,0.28768207245178085,0.0002984253863607685
2 B R 0 2 B,away,1,0.001037344398340249,3,0.28768207245178085,0.0002984253863607685
2 B R 0 2 B,taking,1,0.001037344398340249,3,0.28768207245178085,0.0002984253863607685
2 B R 0 2 B,continued,1,0.001037344398340249,3,0.28768207245178085,0.0002984253863607685
2 B R 0 2 B,year,1,0.001037344398340249,3,0.28768207245178085,0.0002984253863607685
2 B R 0 2 B,turned,1,0.001037344398340249,3,0.28768207245178085,0.0002984253863607685
The Eyes Have It,life,1,0.002512562814070352,4,0.0,0.0
The Eyes Have It,head,1,0.002512562814070352,4,0.0,0.0
2 B R 0 2 B,let,3,0.0031120331950207467,4,0.0,0.0
Navy Day,air,2,0.0022988505747126436,4,0.0,0.0
2 B R 0 2 B,life,6,0.006224066390041493,4,0.0,0.0
The Eyes Have It,knew,2,0.005025125628140704,4,0.0,0.0
The Eyes Have It,air,1,0.002512562814070352,4,0.0,0.0
The Eyes Have It,let,2,0.005025125628140704,4,0.0,0.0
Navy Day,great,2,0.0022988505747126436,4,0.0,0.0
Navy Day,let,1,0.0011494252873563218,4,0.0,0.0
Navy Day,life,1,0.0011494252873563218,4,0.0,0.0
The Eyes Have It,great,1,0.002512562814070352,4,0.0,0.0
2 B R 0 2 B,great,1,0.001037344398340249,4,0.0,0.0
Navy Day,knew,1,0.0011494252873563218,4,0.0,0.0
Navy Day,head,1,0.0011494252873563218,4,0.0,0.0
2 B R 0 2 B,head,5,0.005186721991701245,4,0.0,0.0
2 B R 0 2 B,air,2,0.002074688796680498,4,0.0,0.0
Keep Out,air,8,0.016913319238900635,4,0.0,0.0
Keep Out,great,1,0.0021141649048625794,4,0.0,0.0
Keep Out,life,2,0.004228329809725159,4,0.0,0.0
Keep Out,knew,1,0.0021141649048625794,4,0.0,0.0
Keep Out,let,1,0.0021141649048625794,4,0.0,0.0
Keep Out,head,2,0.004228329809725159,4,0.0,0.0
2 B R 0 2 B,knew,1,0.001037344398340249,4,0.0,0.0
